id,run_date,run_datetime,circuit,graph_x,graph_y,circuit_graph_label,mapping_type,magic_aware_strategy,gaussian_strategy,magic_high,magic_low,cnot_high,cnot_low,mapped_gaussian_weight,base_gaussian_weight,size_moltiplier,gaussian_confidence,safe_passage_strategy,magic_state_placement_strategy,border_distance_percentage,number_of_magic_states,routing_strategy,t_routing_mode,use_layer_cache,routing_steps,timeout_reached,status,exit_code,duration_seconds,log_file,error_excerpt
12,2026-05-14,2026-05-14 16:03:35,bwt_n21,,,,gaussian,,coarse,1.55,0.56,1.55,0.56,0.74,1,,,cube,center_circle,5,0.7,boost,smart_t_routing,false,,false,failed,1,0.713531,,Execution failed with exit code 1: Failed to map qubit 18: No valid free non-magic node with safe passage was found.
11,2026-05-14,2026-05-14 16:03:35,bwt_n21,,,,gaussian,,coarse,1.55,0.56,1.55,0.56,0.74,1,,,cube,center_circle,5,0.7,boost,smart_t_routing,true,,false,failed,1,0.718610,,Execution failed with exit code 1: Failed to map qubit 18: No valid free non-magic node with safe passage was found.
3,2026-05-14,2026-05-14 16:03:35,hhl_n10,11,11,hhl_n10-11x11,gaussian,,coarse,1.55,0.56,1.55,0.56,0.74,1,,,cube,center_circle,5,0.7,boost,smart_t_routing,true,72039,false,success,0,1.198455,,
4,2026-05-14,2026-05-14 16:03:35,hhl_n10,11,11,hhl_n10-11x11,gaussian,,coarse,1.55,0.56,1.55,0.56,0.74,1,,,cube,center_circle,5,0.7,boost,smart_t_routing,false,72039,false,success,0,1.287082,,
17,2026-05-14,2026-05-14 16:03:36,t_test2,,,,gaussian,,coarse,1.55,0.56,1.55,0.56,0.74,1,,,connectivity,center_circle,5,0.7,boost,smart_t_routing,true,,false,failed,1,0.095184,,Execution failed with exit code 1: RRR routing made no progress at layer 1.
19,2026-05-14,2026-05-14 16:03:36,t_test2,,,,gaussian,,coarse,1.55,0.56,1.55,0.56,0.74,1,,,cube,center_circle,5,0.7,boost,smart_t_routing,true,,false,failed,1,0.029125,,Execution failed with exit code 1: RRR routing made no progress at layer 1.
20,2026-05-14,2026-05-14 16:03:37,t_test2,,,,gaussian,,coarse,1.55,0.56,1.55,0.56,0.74,1,,,cube,center_circle,5,0.7,boost,smart_t_routing,false,,false,failed,1,0.026844,,Execution failed with exit code 1: RRR routing made no progress at layer 1.
18,2026-05-14,2026-05-14 16:03:36,t_test2,,,,gaussian,,coarse,1.55,0.56,1.55,0.56,0.74,1,,,connectivity,center_circle,5,0.7,boost,smart_t_routing,false,,false,failed,1,0.097881,,Execution failed with exit code 1: RRR routing made no progress at layer 1.
16,2026-05-14,2026-05-14 16:03:36,bwt_n21,,,,gaussian,,coarse,1.55,0.56,1.55,0.56,0.74,1,,,cube,center_circle,5,0.7,congestion,smart_t_routing,false,,false,failed,1,0.695381,,Execution failed with exit code 1: Failed to map qubit 18: No valid free non-magic node with safe passage was found.
15,2026-05-14,2026-05-14 16:03:36,bwt_n21,,,,gaussian,,coarse,1.55,0.56,1.55,0.56,0.74,1,,,cube,center_circle,5,0.7,congestion,smart_t_routing,true,,false,failed,1,0.712073,,Execution failed with exit code 1: Failed to map qubit 18: No valid free non-magic node with safe passage was found.
21,2026-05-14,2026-05-14 16:03:37,t_test2,6,6,t_test2-6x6,gaussian,,coarse,1.55,0.56,1.55,0.56,0.74,1,,,connectivity,center_circle,5,0.7,congestion,smart_t_routing,true,3919,false,success,0,0.156093,,
22,2026-05-14,2026-05-14 16:03:37,t_test2,6,6,t_test2-6x6,gaussian,,coarse,1.55,0.56,1.55,0.56,0.74,1,,,connectivity,center_circle,5,0.7,congestion,smart_t_routing,false,3919,false,success,0,0.166074,,
23,2026-05-14,2026-05-14 16:03:37,t_test2,10,10,t_test2-10x10,gaussian,,coarse,1.55,0.56,1.55,0.56,0.74,1,,,cube,center_circle,5,0.7,congestion,smart_t_routing,true,3921,false,success,0,0.158337,,
25,2026-05-14,2026-05-14 16:03:37,vqe_uccsd_n8,6,6,vqe_uccsd_n8-6x6,gaussian,,coarse,1.55,0.56,1.55,0.56,0.74,1,,,connectivity,center_circle,5,0.7,boost,smart_t_routing,true,5446,false,success,0,0.150572,,
24,2026-05-14,2026-05-14 16:03:37,t_test2,10,10,t_test2-10x10,gaussian,,coarse,1.55,0.56,1.55,0.56,0.74,1,,,cube,center_circle,5,0.7,congestion,smart_t_routing,false,3922,false,success,0,0.242722,,
27,2026-05-14,2026-05-14 16:03:37,vqe_uccsd_n8,10,10,vqe_uccsd_n8-10x10,gaussian,,coarse,1.55,0.56,1.55,0.56,0.74,1,,,cube,center_circle,5,0.7,boost,smart_t_routing,true,5446,false,success,0,0.089300,,
26,2026-05-14,2026-05-14 16:03:37,vqe_uccsd_n8,6,6,vqe_uccsd_n8-6x6,gaussian,,coarse,1.55,0.56,1.55,0.56,0.74,1,,,connectivity,center_circle,5,0.7,boost,smart_t_routing,false,5446,false,success,0,0.157367,,
28,2026-05-14,2026-05-14 16:03:37,vqe_uccsd_n8,10,10,vqe_uccsd_n8-10x10,gaussian,,coarse,1.55,0.56,1.55,0.56,0.74,1,,,cube,center_circle,5,0.7,boost,smart_t_routing,false,5446,false,success,0,0.087115,,
29,2026-05-14,2026-05-14 16:03:37,vqe_uccsd_n8,6,6,vqe_uccsd_n8-6x6,gaussian,,coarse,1.55,0.56,1.55,0.56,0.74,1,,,connectivity,center_circle,5,0.7,congestion,smart_t_routing,true,5446,false,success,0,0.210290,,
30,2026-05-14,2026-05-14 16:03:37,vqe_uccsd_n8,6,6,vqe_uccsd_n8-6x6,gaussian,,coarse,1.55,0.56,1.55,0.56,0.74,1,,,connectivity,center_circle,5,0.7,congestion,smart_t_routing,false,5446,false,success,0,0.227786,,
31,2026-05-14,2026-05-14 16:03:37,vqe_uccsd_n8,10,10,vqe_uccsd_n8-10x10,gaussian,,coarse,1.55,0.56,1.55,0.56,0.74,1,,,cube,center_circle,5,0.7,congestion,smart_t_routing,true,5446,false,success,0,0.208131,,
35,2026-05-14,2026-05-14 16:03:37,square_root_n45,,,,gaussian,,coarse,1.55,0.56,1.55,0.56,0.74,1,,,cube,center_circle,5,0.7,boost,smart_t_routing,true,,false,failed,1,0.080400,,Execution failed with exit code 1: Failed to map qubit 30: No valid free non-magic node with safe passage was found.
32,2026-05-14,2026-05-14 16:03:37,vqe_uccsd_n8,10,10,vqe_uccsd_n8-10x10,gaussian,,coarse,1.55,0.56,1.55,0.56,0.74,1,,,cube,center_circle,5,0.7,congestion,smart_t_routing,false,5446,false,success,0,0.300631,,
36,2026-05-14,2026-05-14 16:03:37,square_root_n45,,,,gaussian,,coarse,1.55,0.56,1.55,0.56,0.74,1,,,cube,center_circle,5,0.7,boost,smart_t_routing,false,,false,failed,1,0.082780,,Execution failed with exit code 1: Failed to map qubit 30: No valid free non-magic node with safe passage was found.
33,2026-05-14,2026-05-14 16:03:37,square_root_n45,13,13,square_root_n45-13x13,gaussian,,coarse,1.55,0.56,1.55,0.56,0.74,1,,,connectivity,center_circle,5,0.7,boost,smart_t_routing,true,570,false,success,0,0.492590,,
34,2026-05-14,2026-05-14 16:03:37,square_root_n45,13,13,square_root_n45-13x13,gaussian,,coarse,1.55,0.56,1.55,0.56,0.74,1,,,connectivity,center_circle,5,0.7,boost,smart_t_routing,false,570,false,success,0,0.502597,,
39,2026-05-14,2026-05-14 16:03:38,square_root_n45,,,,gaussian,,coarse,1.55,0.56,1.55,0.56,0.74,1,,,cube,center_circle,5,0.7,congestion,smart_t_routing,true,,false,failed,1,0.083341,,Execution failed with exit code 1: Failed to map qubit 30: No valid free non-magic node with safe passage was found.
40,2026-05-14,2026-05-14 16:03:38,square_root_n45,,,,gaussian,,coarse,1.55,0.56,1.55,0.56,0.74,1,,,cube,center_circle,5,0.7,congestion,smart_t_routing,false,,false,failed,1,0.075985,,Execution failed with exit code 1: Failed to map qubit 30: No valid free non-magic node with safe passage was found.
41,2026-05-14,2026-05-14 16:03:38,dnn_n16,9,9,dnn_n16-9x9,gaussian,,coarse,1.55,0.56,1.55,0.56,0.74,1,,,connectivity,center_circle,5,0.7,boost,smart_t_routing,true,48,false,success,0,0.027110,,
37,2026-05-14,2026-05-14 16:03:37,square_root_n45,13,13,square_root_n45-13x13,gaussian,,coarse,1.55,0.56,1.55,0.56,0.74,1,,,connectivity,center_circle,5,0.7,congestion,smart_t_routing,true,570,false,success,0,0.449199,,
43,2026-05-14,2026-05-14 16:03:38,dnn_n16,13,13,dnn_n16-13x13,gaussian,,coarse,1.55,0.56,1.55,0.56,0.74,1,,,cube,center_circle,5,0.7,boost,smart_t_routing,true,48,false,success,0,0.018790,,
42,2026-05-14,2026-05-14 16:03:38,dnn_n16,9,9,dnn_n16-9x9,gaussian,,coarse,1.55,0.56,1.55,0.56,0.74,1,,,connectivity,center_circle,5,0.7,boost,smart_t_routing,false,48,false,success,0,0.030099,,
44,2026-05-14,2026-05-14 16:03:38,dnn_n16,13,13,dnn_n16-13x13,gaussian,,coarse,1.55,0.56,1.55,0.56,0.74,1,,,cube,center_circle,5,0.7,boost,smart_t_routing,false,48,false,success,0,0.021664,,
45,2026-05-14,2026-05-14 16:03:38,dnn_n16,9,9,dnn_n16-9x9,gaussian,,coarse,1.55,0.56,1.55,0.56,0.74,1,,,connectivity,center_circle,5,0.7,congestion,smart_t_routing,true,48,false,success,0,0.027554,,
46,2026-05-14,2026-05-14 16:03:38,dnn_n16,9,9,dnn_n16-9x9,gaussian,,coarse,1.55,0.56,1.55,0.56,0.74,1,,,connectivity,center_circle,5,0.7,congestion,smart_t_routing,false,48,false,success,0,0.028096,,
47,2026-05-14,2026-05-14 16:03:38,dnn_n16,13,13,dnn_n16-13x13,gaussian,,coarse,1.55,0.56,1.55,0.56,0.74,1,,,cube,center_circle,5,0.7,congestion,smart_t_routing,true,48,false,success,0,0.031385,,
49,2026-05-14,2026-05-14 16:03:38,t_test,,,,gaussian,,coarse,1.55,0.56,1.55,0.56,0.74,1,,,connectivity,center_circle,5,0.7,boost,smart_t_routing,true,,false,failed,1,0.014963,,Execution failed with exit code 1: RRR routing made no progress at layer 1.
48,2026-05-14,2026-05-14 16:03:38,dnn_n16,13,13,dnn_n16-13x13,gaussian,,coarse,1.55,0.56,1.55,0.56,0.74,1,,,cube,center_circle,5,0.7,congestion,smart_t_routing,false,48,false,success,0,0.025181,,
50,2026-05-14,2026-05-14 16:03:38,t_test,,,,gaussian,,coarse,1.55,0.56,1.55,0.56,0.74,1,,,connectivity,center_circle,5,0.7,boost,smart_t_routing,false,,false,failed,1,0.015899,,Execution failed with exit code 1: RRR routing made no progress at layer 1.
51,2026-05-14,2026-05-14 16:03:38,t_test,,,,gaussian,,coarse,1.55,0.56,1.55,0.56,0.74,1,,,cube,center_circle,5,0.7,boost,smart_t_routing,true,,false,failed,1,0.010470,,Execution failed with exit code 1: RRR routing made no progress at layer 1.
38,2026-05-14,2026-05-14 16:03:37,square_root_n45,13,13,square_root_n45-13x13,gaussian,,coarse,1.55,0.56,1.55,0.56,0.74,1,,,connectivity,center_circle,5,0.7,congestion,smart_t_routing,false,570,false,success,0,0.508516,,
52,2026-05-14,2026-05-14 16:03:38,t_test,,,,gaussian,,coarse,1.55,0.56,1.55,0.56,0.74,1,,,cube,center_circle,5,0.7,boost,smart_t_routing,false,,false,failed,1,0.011699,,Execution failed with exit code 1: RRR routing made no progress at layer 1.
53,2026-05-14,2026-05-14 16:03:38,t_test,6,6,t_test-6x6,gaussian,,coarse,1.55,0.56,1.55,0.56,0.74,1,,,connectivity,center_circle,5,0.7,congestion,smart_t_routing,true,125,false,success,0,0.023094,,
54,2026-05-14,2026-05-14 16:03:38,t_test,6,6,t_test-6x6,gaussian,,coarse,1.55,0.56,1.55,0.56,0.74,1,,,connectivity,center_circle,5,0.7,congestion,smart_t_routing,false,125,false,success,0,0.025647,,
57,2026-05-14,2026-05-14 16:03:38,vqe_uccsd_n4,5,5,vqe_uccsd_n4-5x5,gaussian,,coarse,1.55,0.56,1.55,0.56,0.74,1,,,connectivity,center_circle,5,0.7,boost,smart_t_routing,true,87,false,success,0,0.011974,,
58,2026-05-14,2026-05-14 16:03:38,vqe_uccsd_n4,5,5,vqe_uccsd_n4-5x5,gaussian,,coarse,1.55,0.56,1.55,0.56,0.74,1,,,connectivity,center_circle,5,0.7,boost,smart_t_routing,false,87,false,success,0,0.010832,,
55,2026-05-14,2026-05-14 16:03:38,t_test,10,10,t_test-10x10,gaussian,,coarse,1.55,0.56,1.55,0.56,0.74,1,,,cube,center_circle,5,0.7,congestion,smart_t_routing,true,125,false,success,0,0.041664,,
59,2026-05-14,2026-05-14 16:03:38,vqe_uccsd_n4,8,8,vqe_uccsd_n4-8x8,gaussian,,coarse,1.55,0.56,1.55,0.56,0.74,1,,,cube,center_circle,5,0.7,boost,smart_t_routing,true,87,false,success,0,0.012023,,
60,2026-05-14,2026-05-14 16:03:38,vqe_uccsd_n4,8,8,vqe_uccsd_n4-8x8,gaussian,,coarse,1.55,0.56,1.55,0.56,0.74,1,,,cube,center_circle,5,0.7,boost,smart_t_routing,false,87,false,success,0,0.012004,,
56,2026-05-14,2026-05-14 16:03:38,t_test,10,10,t_test-10x10,gaussian,,coarse,1.55,0.56,1.55,0.56,0.74,1,,,cube,center_circle,5,0.7,congestion,smart_t_routing,false,127,false,success,0,0.051679,,
61,2026-05-14,2026-05-14 16:03:38,vqe_uccsd_n4,5,5,vqe_uccsd_n4-5x5,gaussian,,coarse,1.55,0.56,1.55,0.56,0.74,1,,,connectivity,center_circle,5,0.7,congestion,smart_t_routing,true,87,false,success,0,0.012200,,
62,2026-05-14,2026-05-14 16:03:38,vqe_uccsd_n4,5,5,vqe_uccsd_n4-5x5,gaussian,,coarse,1.55,0.56,1.55,0.56,0.74,1,,,connectivity,center_circle,5,0.7,congestion,smart_t_routing,false,87,false,success,0,0.017907,,
63,2026-05-14,2026-05-14 16:03:38,vqe_uccsd_n4,8,8,vqe_uccsd_n4-8x8,gaussian,,coarse,1.55,0.56,1.55,0.56,0.74,1,,,cube,center_circle,5,0.7,congestion,smart_t_routing,true,87,false,success,0,0.012934,,
64,2026-05-14,2026-05-14 16:03:38,vqe_uccsd_n4,8,8,vqe_uccsd_n4-8x8,gaussian,,coarse,1.55,0.56,1.55,0.56,0.74,1,,,cube,center_circle,5,0.7,congestion,smart_t_routing,false,87,false,success,0,0.012166,,
65,2026-05-14,2026-05-14 16:03:38,multiplier_n45,12,12,multiplier_n45-12x12,gaussian,,coarse,1.55,0.56,1.55,0.56,0.74,1,,,connectivity,center_circle,5,0.7,boost,smart_t_routing,true,36,false,success,0,0.032479,,
66,2026-05-14,2026-05-14 16:03:38,multiplier_n45,12,12,multiplier_n45-12x12,gaussian,,coarse,1.55,0.56,1.55,0.56,0.74,1,,,connectivity,center_circle,5,0.7,boost,smart_t_routing,false,36,false,success,0,0.030337,,
68,2026-05-14,2026-05-14 16:03:38,multiplier_n45,,,,gaussian,,coarse,1.55,0.56,1.55,0.56,0.74,1,,,cube,center_circle,5,0.7,boost,smart_t_routing,false,,false,failed,1,0.017878,,Execution failed with exit code 1: Failed to map qubit 26: No valid free non-magic node with safe passage was found.
67,2026-05-14,2026-05-14 16:03:38,multiplier_n45,,,,gaussian,,coarse,1.55,0.56,1.55,0.56,0.74,1,,,cube,center_circle,5,0.7,boost,smart_t_routing,true,,false,failed,1,0.022973,,Execution failed with exit code 1: Failed to map qubit 26: No valid free non-magic node with safe passage was found.
71,2026-05-14,2026-05-14 16:03:38,multiplier_n45,,,,gaussian,,coarse,1.55,0.56,1.55,0.56,0.74,1,,,cube,center_circle,5,0.7,congestion,smart_t_routing,true,,false,failed,1,0.019216,,Execution failed with exit code 1: Failed to map qubit 26: No valid free non-magic node with safe passage was found.
72,2026-05-14,2026-05-14 16:03:38,multiplier_n45,,,,gaussian,,coarse,1.55,0.56,1.55,0.56,0.74,1,,,cube,center_circle,5,0.7,congestion,smart_t_routing,false,,false,failed,1,0.019073,,Execution failed with exit code 1: Failed to map qubit 26: No valid free non-magic node with safe passage was found.
69,2026-05-14,2026-05-14 16:03:38,multiplier_n45,12,12,multiplier_n45-12x12,gaussian,,coarse,1.55,0.56,1.55,0.56,0.74,1,,,connectivity,center_circle,5,0.7,congestion,smart_t_routing,true,36,false,success,0,0.038043,,
70,2026-05-14,2026-05-14 16:03:38,multiplier_n45,12,12,multiplier_n45-12x12,gaussian,,coarse,1.55,0.56,1.55,0.56,0.74,1,,,connectivity,center_circle,5,0.7,congestion,smart_t_routing,false,36,false,success,0,0.038415,,
73,2026-05-14,2026-05-14 16:03:38,square_root_n18,8,8,square_root_n18-8x8,gaussian,,coarse,1.55,0.56,1.55,0.56,0.74,1,,,connectivity,center_circle,5,0.7,boost,smart_t_routing,true,27,false,success,0,0.014930,,
76,2026-05-14,2026-05-14 16:03:38,square_root_n18,12,12,square_root_n18-12x12,gaussian,,coarse,1.55,0.56,1.55,0.56,0.74,1,,,cube,center_circle,5,0.7,boost,smart_t_routing,false,27,false,success,0,0.014076,,
74,2026-05-14,2026-05-14 16:03:38,square_root_n18,8,8,square_root_n18-8x8,gaussian,,coarse,1.55,0.56,1.55,0.56,0.74,1,,,connectivity,center_circle,5,0.7,boost,smart_t_routing,false,27,false,success,0,0.013998,,
75,2026-05-14,2026-05-14 16:03:38,square_root_n18,12,12,square_root_n18-12x12,gaussian,,coarse,1.55,0.56,1.55,0.56,0.74,1,,,cube,center_circle,5,0.7,boost,smart_t_routing,true,27,false,success,0,0.016204,,
77,2026-05-14,2026-05-14 16:03:38,square_root_n18,8,8,square_root_n18-8x8,gaussian,,coarse,1.55,0.56,1.55,0.56,0.74,1,,,connectivity,center_circle,5,0.7,congestion,smart_t_routing,true,27,false,success,0,0.016827,,
79,2026-05-14,2026-05-14 16:03:38,square_root_n18,12,12,square_root_n18-12x12,gaussian,,coarse,1.55,0.56,1.55,0.56,0.74,1,,,cube,center_circle,5,0.7,congestion,smart_t_routing,true,27,false,success,0,0.015411,,
78,2026-05-14,2026-05-14 16:03:38,square_root_n18,8,8,square_root_n18-8x8,gaussian,,coarse,1.55,0.56,1.55,0.56,0.74,1,,,connectivity,center_circle,5,0.7,congestion,smart_t_routing,false,27,false,success,0,0.015973,,
80,2026-05-14,2026-05-14 16:03:38,square_root_n18,12,12,square_root_n18-12x12,gaussian,,coarse,1.55,0.56,1.55,0.56,0.74,1,,,cube,center_circle,5,0.7,congestion,smart_t_routing,false,27,false,success,0,0.018188,,
82,2026-05-14,2026-05-14 16:03:38,continuous_3_17_13,4,4,continuous_3_17_13-4x4,gaussian,,coarse,1.55,0.56,1.55,0.56,0.74,1,,,connectivity,center_circle,5,0.7,boost,smart_t_routing,false,17,false,success,0,0.010768,,
83,2026-05-14,2026-05-14 16:03:38,continuous_3_17_13,7,7,continuous_3_17_13-7x7,gaussian,,coarse,1.55,0.56,1.55,0.56,0.74,1,,,cube,center_circle,5,0.7,boost,smart_t_routing,true,17,false,success,0,0.008901,,
81,2026-05-14,2026-05-14 16:03:38,continuous_3_17_13,4,4,continuous_3_17_13-4x4,gaussian,,coarse,1.55,0.56,1.55,0.56,0.74,1,,,connectivity,center_circle,5,0.7,boost,smart_t_routing,true,17,false,success,0,0.011643,,
85,2026-05-14,2026-05-14 16:03:38,continuous_3_17_13,4,4,continuous_3_17_13-4x4,gaussian,,coarse,1.55,0.56,1.55,0.56,0.74,1,,,connectivity,center_circle,5,0.7,congestion,smart_t_routing,true,17,false,success,0,0.015628,,
84,2026-05-14,2026-05-14 16:03:38,continuous_3_17_13,7,7,continuous_3_17_13-7x7,gaussian,,coarse,1.55,0.56,1.55,0.56,0.74,1,,,cube,center_circle,5,0.7,boost,smart_t_routing,false,17,false,success,0,0.011453,,
87,2026-05-14,2026-05-14 16:03:38,continuous_3_17_13,7,7,continuous_3_17_13-7x7,gaussian,,coarse,1.55,0.56,1.55,0.56,0.74,1,,,cube,center_circle,5,0.7,congestion,smart_t_routing,true,17,false,success,0,0.008224,,
88,2026-05-14,2026-05-14 16:03:38,continuous_3_17_13,7,7,continuous_3_17_13-7x7,gaussian,,coarse,1.55,0.56,1.55,0.56,0.74,1,,,cube,center_circle,5,0.7,congestion,smart_t_routing,false,17,false,success,0,0.008769,,
86,2026-05-14,2026-05-14 16:03:38,continuous_3_17_13,4,4,continuous_3_17_13-4x4,gaussian,,coarse,1.55,0.56,1.55,0.56,0.74,1,,,connectivity,center_circle,5,0.7,congestion,smart_t_routing,false,17,false,success,0,0.013396,,
90,2026-05-14,2026-05-14 16:03:38,parallel,6,6,parallel-6x6,gaussian,,coarse,1.55,0.56,1.55,0.56,0.74,1,,,connectivity,center_circle,5,0.7,boost,smart_t_routing,false,10,false,success,0,0.009135,,
91,2026-05-14,2026-05-14 16:03:38,parallel,10,10,parallel-10x10,gaussian,,coarse,1.55,0.56,1.55,0.56,0.74,1,,,cube,center_circle,5,0.7,boost,smart_t_routing,true,10,false,success,0,0.010555,,
89,2026-05-14,2026-05-14 16:03:38,parallel,6,6,parallel-6x6,gaussian,,coarse,1.55,0.56,1.55,0.56,0.74,1,,,connectivity,center_circle,5,0.7,boost,smart_t_routing,true,10,false,success,0,0.011739,,
7,2026-05-14,2026-05-14 16:03:35,hhl_n10,11,11,hhl_n10-11x11,gaussian,,coarse,1.55,0.56,1.55,0.56,0.74,1,,,cube,center_circle,5,0.7,congestion,smart_t_routing,true,72039,false,success,0,2.883657,,
94,2026-05-14,2026-05-14 16:03:38,parallel,6,6,parallel-6x6,gaussian,,coarse,1.55,0.56,1.55,0.56,0.74,1,,,connectivity,center_circle,5,0.7,congestion,smart_t_routing,false,10,false,success,0,0.011386,,
92,2026-05-14,2026-05-14 16:03:38,parallel,10,10,parallel-10x10,gaussian,,coarse,1.55,0.56,1.55,0.56,0.74,1,,,cube,center_circle,5,0.7,boost,smart_t_routing,false,10,false,success,0,0.010782,,
95,2026-05-14,2026-05-14 16:03:38,parallel,10,10,parallel-10x10,gaussian,,coarse,1.55,0.56,1.55,0.56,0.74,1,,,cube,center_circle,5,0.7,congestion,smart_t_routing,true,10,false,success,0,0.010961,,
96,2026-05-14,2026-05-14 16:03:38,parallel,10,10,parallel-10x10,gaussian,,coarse,1.55,0.56,1.55,0.56,0.74,1,,,cube,center_circle,5,0.7,congestion,smart_t_routing,false,10,false,success,0,0.010511,,
93,2026-05-14,2026-05-14 16:03:38,parallel,6,6,parallel-6x6,gaussian,,coarse,1.55,0.56,1.55,0.56,0.74,1,,,connectivity,center_circle,5,0.7,congestion,smart_t_routing,true,10,false,success,0,0.009481,,
97,2026-05-14,2026-05-14 16:03:38,parallel_big,10,10,parallel_big-10x10,gaussian,,coarse,1.55,0.56,1.55,0.56,0.74,1,,,connectivity,center_circle,5,0.7,boost,smart_t_routing,true,8,false,success,0,0.020221,,
98,2026-05-14,2026-05-14 16:03:38,parallel_big,10,10,parallel_big-10x10,gaussian,,coarse,1.55,0.56,1.55,0.56,0.74,1,,,connectivity,center_circle,5,0.7,boost,smart_t_routing,false,8,false,success,0,0.015860,,
99,2026-05-14,2026-05-14 16:03:38,parallel_big,14,14,parallel_big-14x14,gaussian,,coarse,1.55,0.56,1.55,0.56,0.74,1,,,cube,center_circle,5,0.7,boost,smart_t_routing,true,12,false,success,0,0.016994,,
102,2026-05-14,2026-05-14 16:03:38,parallel_big,10,10,parallel_big-10x10,gaussian,,coarse,1.55,0.56,1.55,0.56,0.74,1,,,connectivity,center_circle,5,0.7,congestion,smart_t_routing,false,8,false,success,0,0.015926,,
100,2026-05-14,2026-05-14 16:03:38,parallel_big,14,14,parallel_big-14x14,gaussian,,coarse,1.55,0.56,1.55,0.56,0.74,1,,,cube,center_circle,5,0.7,boost,smart_t_routing,false,12,false,success,0,0.016046,,
101,2026-05-14,2026-05-14 16:03:38,parallel_big,10,10,parallel_big-10x10,gaussian,,coarse,1.55,0.56,1.55,0.56,0.74,1,,,connectivity,center_circle,5,0.7,congestion,smart_t_routing,true,8,false,success,0,0.017317,,
103,2026-05-14,2026-05-14 16:03:38,parallel_big,14,14,parallel_big-14x14,gaussian,,coarse,1.55,0.56,1.55,0.56,0.74,1,,,cube,center_circle,5,0.7,congestion,smart_t_routing,true,8,false,success,0,0.019259,,
105,2026-05-14,2026-05-14 16:03:38,qaoa_n6,5,5,qaoa_n6-5x5,gaussian,,coarse,1.55,0.56,1.55,0.56,0.74,1,,,connectivity,center_circle,5,0.7,boost,smart_t_routing,true,42,false,success,0,0.016922,,
107,2026-05-14,2026-05-14 16:03:38,qaoa_n6,9,9,qaoa_n6-9x9,gaussian,,coarse,1.55,0.56,1.55,0.56,0.74,1,,,cube,center_circle,5,0.7,boost,smart_t_routing,true,33,false,success,0,0.011822,,
108,2026-05-14,2026-05-14 16:03:38,qaoa_n6,9,9,qaoa_n6-9x9,gaussian,,coarse,1.55,0.56,1.55,0.56,0.74,1,,,cube,center_circle,5,0.7,boost,smart_t_routing,false,33,false,success,0,0.013491,,
104,2026-05-14,2026-05-14 16:03:38,parallel_big,14,14,parallel_big-14x14,gaussian,,coarse,1.55,0.56,1.55,0.56,0.74,1,,,cube,center_circle,5,0.7,congestion,smart_t_routing,false,8,false,success,0,0.024965,,
106,2026-05-14,2026-05-14 16:03:38,qaoa_n6,5,5,qaoa_n6-5x5,gaussian,,coarse,1.55,0.56,1.55,0.56,0.74,1,,,connectivity,center_circle,5,0.7,boost,smart_t_routing,false,42,false,success,0,0.011166,,
110,2026-05-14,2026-05-14 16:03:38,qaoa_n6,5,5,qaoa_n6-5x5,gaussian,,coarse,1.55,0.56,1.55,0.56,0.74,1,,,connectivity,center_circle,5,0.7,congestion,smart_t_routing,false,42,false,success,0,0.017856,,
112,2026-05-14,2026-05-14 16:03:38,qaoa_n6,9,9,qaoa_n6-9x9,gaussian,,coarse,1.55,0.56,1.55,0.56,0.74,1,,,cube,center_circle,5,0.7,congestion,smart_t_routing,false,33,false,success,0,0.011434,,
114,2026-05-14,2026-05-14 16:03:38,qaoa_n6_transpiled,5,5,qaoa_n6_transpiled-5x5,gaussian,,coarse,1.55,0.56,1.55,0.56,0.74,1,,,connectivity,center_circle,5,0.7,boost,smart_t_routing,false,36,false,success,0,0.009646,,
109,2026-05-14,2026-05-14 16:03:38,qaoa_n6,5,5,qaoa_n6-5x5,gaussian,,coarse,1.55,0.56,1.55,0.56,0.74,1,,,connectivity,center_circle,5,0.7,congestion,smart_t_routing,true,42,false,success,0,0.014604,,
111,2026-05-14,2026-05-14 16:03:38,qaoa_n6,9,9,qaoa_n6-9x9,gaussian,,coarse,1.55,0.56,1.55,0.56,0.74,1,,,cube,center_circle,5,0.7,congestion,smart_t_routing,true,33,false,success,0,0.010841,,
113,2026-05-14,2026-05-14 16:03:38,qaoa_n6_transpiled,5,5,qaoa_n6_transpiled-5x5,gaussian,,coarse,1.55,0.56,1.55,0.56,0.74,1,,,connectivity,center_circle,5,0.7,boost,smart_t_routing,true,36,false,success,0,0.011004,,
118,2026-05-14,2026-05-14 16:03:38,qaoa_n6_transpiled,5,5,qaoa_n6_transpiled-5x5,gaussian,,coarse,1.55,0.56,1.55,0.56,0.74,1,,,connectivity,center_circle,5,0.7,congestion,smart_t_routing,false,36,false,success,0,0.011071,,
115,2026-05-14,2026-05-14 16:03:38,qaoa_n6_transpiled,9,9,qaoa_n6_transpiled-9x9,gaussian,,coarse,1.55,0.56,1.55,0.56,0.74,1,,,cube,center_circle,5,0.7,boost,smart_t_routing,true,33,false,success,0,0.011285,,
116,2026-05-14,2026-05-14 16:03:38,qaoa_n6_transpiled,9,9,qaoa_n6_transpiled-9x9,gaussian,,coarse,1.55,0.56,1.55,0.56,0.74,1,,,cube,center_circle,5,0.7,boost,smart_t_routing,false,33,false,success,0,0.010007,,
119,2026-05-14,2026-05-14 16:03:38,qaoa_n6_transpiled,9,9,qaoa_n6_transpiled-9x9,gaussian,,coarse,1.55,0.56,1.55,0.56,0.74,1,,,cube,center_circle,5,0.7,congestion,smart_t_routing,true,33,false,success,0,0.010064,,
120,2026-05-14,2026-05-14 16:03:38,qaoa_n6_transpiled,9,9,qaoa_n6_transpiled-9x9,gaussian,,coarse,1.55,0.56,1.55,0.56,0.74,1,,,cube,center_circle,5,0.7,congestion,smart_t_routing,false,33,false,success,0,0.010645,,
117,2026-05-14,2026-05-14 16:03:38,qaoa_n6_transpiled,5,5,qaoa_n6_transpiled-5x5,gaussian,,coarse,1.55,0.56,1.55,0.56,0.74,1,,,connectivity,center_circle,5,0.7,congestion,smart_t_routing,true,36,false,success,0,0.012395,,
123,2026-05-14,2026-05-14 16:03:38,53qubits_332gate_152layers,,,,gaussian,,coarse,1.55,0.56,1.55,0.56,0.74,1,,,cube,center_circle,5,0.7,boost,smart_t_routing,true,,false,failed,1,0.025502,,Execution failed with exit code 1: Failed to map qubit 29: No valid free non-magic node with safe passage was found.
124,2026-05-14,2026-05-14 16:03:38,53qubits_332gate_152layers,,,,gaussian,,coarse,1.55,0.56,1.55,0.56,0.74,1,,,cube,center_circle,5,0.7,boost,smart_t_routing,false,,false,failed,1,0.025316,,Execution failed with exit code 1: Failed to map qubit 29: No valid free non-magic node with safe passage was found.
122,2026-05-14,2026-05-14 16:03:38,53qubits_332gate_152layers,,,,gaussian,,coarse,1.55,0.56,1.55,0.56,0.74,1,,,connectivity,center_circle,5,0.7,boost,smart_t_routing,false,,false,failed,1,0.060611,,Execution failed with exit code 1: RRR routing made no progress at layer 5.
121,2026-05-14,2026-05-14 16:03:38,53qubits_332gate_152layers,,,,gaussian,,coarse,1.55,0.56,1.55,0.56,0.74,1,,,connectivity,center_circle,5,0.7,boost,smart_t_routing,true,,false,failed,1,0.070824,,Execution failed with exit code 1: RRR routing made no progress at layer 5.
127,2026-05-14,2026-05-14 16:03:38,53qubits_332gate_152layers,,,,gaussian,,coarse,1.55,0.56,1.55,0.56,0.74,1,,,cube,center_circle,5,0.7,congestion,smart_t_routing,true,,false,failed,1,0.024280,,Execution failed with exit code 1: Failed to map qubit 29: No valid free non-magic node with safe passage was found.
129,2026-05-14,2026-05-14 16:03:38,multiplier_n15,7,7,multiplier_n15-7x7,gaussian,,coarse,1.55,0.56,1.55,0.56,0.74,1,,,connectivity,center_circle,5,0.7,boost,smart_t_routing,true,12,false,success,0,0.014989,,
130,2026-05-14,2026-05-14 16:03:38,multiplier_n15,7,7,multiplier_n15-7x7,gaussian,,coarse,1.55,0.56,1.55,0.56,0.74,1,,,connectivity,center_circle,5,0.7,boost,smart_t_routing,false,12,false,success,0,0.012585,,
128,2026-05-14,2026-05-14 16:03:38,53qubits_332gate_152layers,,,,gaussian,,coarse,1.55,0.56,1.55,0.56,0.74,1,,,cube,center_circle,5,0.7,congestion,smart_t_routing,false,,false,failed,1,0.025229,,Execution failed with exit code 1: Failed to map qubit 29: No valid free non-magic node with safe passage was found.
131,2026-05-14,2026-05-14 16:03:38,multiplier_n15,10,10,multiplier_n15-10x10,gaussian,,coarse,1.55,0.56,1.55,0.56,0.74,1,,,cube,center_circle,5,0.7,boost,smart_t_routing,true,12,false,success,0,0.008953,,
132,2026-05-14,2026-05-14 16:03:38,multiplier_n15,10,10,multiplier_n15-10x10,gaussian,,coarse,1.55,0.56,1.55,0.56,0.74,1,,,cube,center_circle,5,0.7,boost,smart_t_routing,false,12,false,success,0,0.013129,,
125,2026-05-14,2026-05-14 16:03:38,53qubits_332gate_152layers,14,14,53qubits_332gate_152layers-14x14,gaussian,,coarse,1.55,0.56,1.55,0.56,0.74,1,,,connectivity,center_circle,5,0.7,congestion,smart_t_routing,true,41,false,success,0,0.091208,,
134,2026-05-14,2026-05-14 16:03:38,multiplier_n15,7,7,multiplier_n15-7x7,gaussian,,coarse,1.55,0.56,1.55,0.56,0.74,1,,,connectivity,center_circle,5,0.7,congestion,smart_t_routing,false,12,false,success,0,0.008752,,
126,2026-05-14,2026-05-14 16:03:38,53qubits_332gate_152layers,14,14,53qubits_332gate_152layers-14x14,gaussian,,coarse,1.55,0.56,1.55,0.56,0.74,1,,,connectivity,center_circle,5,0.7,congestion,smart_t_routing,false,41,false,success,0,0.089839,,
133,2026-05-14,2026-05-14 16:03:38,multiplier_n15,7,7,multiplier_n15-7x7,gaussian,,coarse,1.55,0.56,1.55,0.56,0.74,1,,,connectivity,center_circle,5,0.7,congestion,smart_t_routing,true,12,false,success,0,0.009679,,
137,2026-05-14,2026-05-14 16:03:38,example,,,,gaussian,,coarse,1.55,0.56,1.55,0.56,0.74,1,,,connectivity,center_circle,5,0.7,boost,smart_t_routing,true,,false,failed,1,0.010475,,Execution failed with exit code 1: RRR routing made no progress at layer 3.
135,2026-05-14,2026-05-14 16:03:38,multiplier_n15,10,10,multiplier_n15-10x10,gaussian,,coarse,1.55,0.56,1.55,0.56,0.74,1,,,cube,center_circle,5,0.7,congestion,smart_t_routing,true,12,false,success,0,0.009588,,
136,2026-05-14,2026-05-14 16:03:38,multiplier_n15,10,10,multiplier_n15-10x10,gaussian,,coarse,1.55,0.56,1.55,0.56,0.74,1,,,cube,center_circle,5,0.7,congestion,smart_t_routing,false,12,false,success,0,0.013084,,
139,2026-05-14,2026-05-14 16:03:38,example,,,,gaussian,,coarse,1.55,0.56,1.55,0.56,0.74,1,,,cube,center_circle,5,0.7,boost,smart_t_routing,true,,false,failed,1,0.010399,,Execution failed with exit code 1: RRR routing made no progress at layer 3.
138,2026-05-14,2026-05-14 16:03:38,example,,,,gaussian,,coarse,1.55,0.56,1.55,0.56,0.74,1,,,connectivity,center_circle,5,0.7,boost,smart_t_routing,false,,false,failed,1,0.010467,,Execution failed with exit code 1: RRR routing made no progress at layer 3.
141,2026-05-14,2026-05-14 16:03:38,example,5,5,example-5x5,gaussian,,coarse,1.55,0.56,1.55,0.56,0.74,1,,,connectivity,center_circle,5,0.7,congestion,smart_t_routing,true,21,false,success,0,0.010998,,
140,2026-05-14,2026-05-14 16:03:38,example,,,,gaussian,,coarse,1.55,0.56,1.55,0.56,0.74,1,,,cube,center_circle,5,0.7,boost,smart_t_routing,false,,false,failed,1,0.012865,,Execution failed with exit code 1: RRR routing made no progress at layer 3.
143,2026-05-14,2026-05-14 16:03:38,example,8,8,example-8x8,gaussian,,coarse,1.55,0.56,1.55,0.56,0.74,1,,,cube,center_circle,5,0.7,congestion,smart_t_routing,true,21,false,success,0,0.009570,,
142,2026-05-14,2026-05-14 16:03:38,example,5,5,example-5x5,gaussian,,coarse,1.55,0.56,1.55,0.56,0.74,1,,,connectivity,center_circle,5,0.7,congestion,smart_t_routing,false,21,false,success,0,0.011524,,
144,2026-05-14,2026-05-14 16:03:38,example,8,8,example-8x8,gaussian,,coarse,1.55,0.56,1.55,0.56,0.74,1,,,cube,center_circle,5,0.7,congestion,smart_t_routing,false,21,false,success,0,0.010629,,
145,2026-05-14,2026-05-14 16:03:39,53qubits_155gate_57layers,,,,gaussian,,coarse,1.55,0.56,1.55,0.56,0.74,1,,,connectivity,center_circle,5,0.7,boost,smart_t_routing,true,,false,failed,1,0.018545,,Execution failed with exit code 1: RRR routing made no progress at layer 6.
147,2026-05-14,2026-05-14 16:03:39,53qubits_155gate_57layers,,,,gaussian,,coarse,1.55,0.56,1.55,0.56,0.74,1,,,cube,center_circle,5,0.7,boost,smart_t_routing,true,,false,failed,1,0.017624,,Execution failed with exit code 1: Failed to map qubit 12: No valid free non-magic node with safe passage was found.
148,2026-05-14,2026-05-14 16:03:39,53qubits_155gate_57layers,,,,gaussian,,coarse,1.55,0.56,1.55,0.56,0.74,1,,,cube,center_circle,5,0.7,boost,smart_t_routing,false,,false,failed,1,0.017869,,Execution failed with exit code 1: Failed to map qubit 12: No valid free non-magic node with safe passage was found.
146,2026-05-14,2026-05-14 16:03:39,53qubits_155gate_57layers,,,,gaussian,,coarse,1.55,0.56,1.55,0.56,0.74,1,,,connectivity,center_circle,5,0.7,boost,smart_t_routing,false,,false,failed,1,0.017112,,Execution failed with exit code 1: RRR routing made no progress at layer 6.
151,2026-05-14,2026-05-14 16:03:39,53qubits_155gate_57layers,,,,gaussian,,coarse,1.55,0.56,1.55,0.56,0.74,1,,,cube,center_circle,5,0.7,congestion,smart_t_routing,true,,false,failed,1,0.015491,,Execution failed with exit code 1: Failed to map qubit 12: No valid free non-magic node with safe passage was found.
149,2026-05-14,2026-05-14 16:03:39,53qubits_155gate_57layers,12,12,53qubits_155gate_57layers-12x12,gaussian,,coarse,1.55,0.56,1.55,0.56,0.74,1,,,connectivity,center_circle,5,0.7,congestion,smart_t_routing,true,23,false,success,0,0.027386,,
150,2026-05-14,2026-05-14 16:03:39,53qubits_155gate_57layers,12,12,53qubits_155gate_57layers-12x12,gaussian,,coarse,1.55,0.56,1.55,0.56,0.74,1,,,connectivity,center_circle,5,0.7,congestion,smart_t_routing,false,23,false,success,0,0.033065,,
154,2026-05-14,2026-05-14 16:03:39,qpe_n9_transpiled,7,7,qpe_n9_transpiled-7x7,gaussian,,coarse,1.55,0.56,1.55,0.56,0.74,1,,,connectivity,center_circle,5,0.7,boost,smart_t_routing,false,42,false,success,0,0.010486,,
153,2026-05-14,2026-05-14 16:03:39,qpe_n9_transpiled,7,7,qpe_n9_transpiled-7x7,gaussian,,coarse,1.55,0.56,1.55,0.56,0.74,1,,,connectivity,center_circle,5,0.7,boost,smart_t_routing,true,42,false,success,0,0.011154,,
152,2026-05-14,2026-05-14 16:03:39,53qubits_155gate_57layers,,,,gaussian,,coarse,1.55,0.56,1.55,0.56,0.74,1,,,cube,center_circle,5,0.7,congestion,smart_t_routing,false,,false,failed,1,0.016815,,Execution failed with exit code 1: Failed to map qubit 12: No valid free non-magic node with safe passage was found.
156,2026-05-14,2026-05-14 16:03:39,qpe_n9_transpiled,10,10,qpe_n9_transpiled-10x10,gaussian,,coarse,1.55,0.56,1.55,0.56,0.74,1,,,cube,center_circle,5,0.7,boost,smart_t_routing,false,42,false,success,0,0.009246,,
158,2026-05-14,2026-05-14 16:03:39,qpe_n9_transpiled,7,7,qpe_n9_transpiled-7x7,gaussian,,coarse,1.55,0.56,1.55,0.56,0.74,1,,,connectivity,center_circle,5,0.7,congestion,smart_t_routing,false,42,false,success,0,0.011887,,
155,2026-05-14,2026-05-14 16:03:39,qpe_n9_transpiled,10,10,qpe_n9_transpiled-10x10,gaussian,,coarse,1.55,0.56,1.55,0.56,0.74,1,,,cube,center_circle,5,0.7,boost,smart_t_routing,true,42,false,success,0,0.010525,,
160,2026-05-14,2026-05-14 16:03:39,qpe_n9_transpiled,10,10,qpe_n9_transpiled-10x10,gaussian,,coarse,1.55,0.56,1.55,0.56,0.74,1,,,cube,center_circle,5,0.7,congestion,smart_t_routing,false,42,false,success,0,0.010651,,
159,2026-05-14,2026-05-14 16:03:39,qpe_n9_transpiled,10,10,qpe_n9_transpiled-10x10,gaussian,,coarse,1.55,0.56,1.55,0.56,0.74,1,,,cube,center_circle,5,0.7,congestion,smart_t_routing,true,42,false,success,0,0.012053,,
162,2026-05-14,2026-05-14 16:03:39,qec_en_n5,,,,gaussian,,coarse,1.55,0.56,1.55,0.56,0.74,1,,,connectivity,center_circle,5,0.7,boost,smart_t_routing,false,,false,failed,1,0.009239,,Execution failed with exit code 1: RRR routing made no progress at layer 1.
157,2026-05-14,2026-05-14 16:03:39,qpe_n9_transpiled,7,7,qpe_n9_transpiled-7x7,gaussian,,coarse,1.55,0.56,1.55,0.56,0.74,1,,,connectivity,center_circle,5,0.7,congestion,smart_t_routing,true,42,false,success,0,0.011415,,
165,2026-05-14,2026-05-14 16:03:39,qec_en_n5,5,5,qec_en_n5-5x5,gaussian,,coarse,1.55,0.56,1.55,0.56,0.74,1,,,connectivity,center_circle,5,0.7,congestion,smart_t_routing,true,11,false,success,0,0.008333,,
161,2026-05-14,2026-05-14 16:03:39,qec_en_n5,,,,gaussian,,coarse,1.55,0.56,1.55,0.56,0.74,1,,,connectivity,center_circle,5,0.7,boost,smart_t_routing,true,,false,failed,1,0.010570,,Execution failed with exit code 1: RRR routing made no progress at layer 1.
166,2026-05-14,2026-05-14 16:03:39,qec_en_n5,5,5,qec_en_n5-5x5,gaussian,,coarse,1.55,0.56,1.55,0.56,0.74,1,,,connectivity,center_circle,5,0.7,congestion,smart_t_routing,false,11,false,success,0,0.008466,,
167,2026-05-14,2026-05-14 16:03:39,qec_en_n5,9,9,qec_en_n5-9x9,gaussian,,coarse,1.55,0.56,1.55,0.56,0.74,1,,,cube,center_circle,5,0.7,congestion,smart_t_routing,true,11,false,success,0,0.008284,,
168,2026-05-14,2026-05-14 16:03:39,qec_en_n5,9,9,qec_en_n5-9x9,gaussian,,coarse,1.55,0.56,1.55,0.56,0.74,1,,,cube,center_circle,5,0.7,congestion,smart_t_routing,false,11,false,success,0,0.011296,,
163,2026-05-14,2026-05-14 16:03:39,qec_en_n5,,,,gaussian,,coarse,1.55,0.56,1.55,0.56,0.74,1,,,cube,center_circle,5,0.7,boost,smart_t_routing,true,,false,failed,1,0.013629,,Execution failed with exit code 1: RRR routing made no progress at layer 1.
171,2026-05-14,2026-05-14 16:03:39,fredkin_n3,,,,gaussian,,coarse,1.55,0.56,1.55,0.56,0.74,1,,,cube,center_circle,5,0.7,boost,smart_t_routing,true,,false,failed,1,0.008002,,Execution failed with exit code 1: RRR routing made no progress at layer 3.
164,2026-05-14,2026-05-14 16:03:39,qec_en_n5,,,,gaussian,,coarse,1.55,0.56,1.55,0.56,0.74,1,,,cube,center_circle,5,0.7,boost,smart_t_routing,false,,false,failed,1,0.007164,,Execution failed with exit code 1: RRR routing made no progress at layer 1.
172,2026-05-14,2026-05-14 16:03:39,fredkin_n3,,,,gaussian,,coarse,1.55,0.56,1.55,0.56,0.74,1,,,cube,center_circle,5,0.7,boost,smart_t_routing,false,,false,failed,1,0.007992,,Execution failed with exit code 1: RRR routing made no progress at layer 3.
173,2026-05-14,2026-05-14 16:03:39,fredkin_n3,4,4,fredkin_n3-4x4,gaussian,,coarse,1.55,0.56,1.55,0.56,0.74,1,,,connectivity,center_circle,5,0.7,congestion,smart_t_routing,true,10,false,success,0,0.009770,,
169,2026-05-14,2026-05-14 16:03:39,fredkin_n3,,,,gaussian,,coarse,1.55,0.56,1.55,0.56,0.74,1,,,connectivity,center_circle,5,0.7,boost,smart_t_routing,true,,false,failed,1,0.008445,,Execution failed with exit code 1: RRR routing made no progress at layer 3.
174,2026-05-14,2026-05-14 16:03:39,fredkin_n3,4,4,fredkin_n3-4x4,gaussian,,coarse,1.55,0.56,1.55,0.56,0.74,1,,,connectivity,center_circle,5,0.7,congestion,smart_t_routing,false,10,false,success,0,0.007944,,
170,2026-05-14,2026-05-14 16:03:39,fredkin_n3,,,,gaussian,,coarse,1.55,0.56,1.55,0.56,0.74,1,,,connectivity,center_circle,5,0.7,boost,smart_t_routing,false,,false,failed,1,0.008554,,Execution failed with exit code 1: RRR routing made no progress at layer 3.
175,2026-05-14,2026-05-14 16:03:39,fredkin_n3,7,7,fredkin_n3-7x7,gaussian,,coarse,1.55,0.56,1.55,0.56,0.74,1,,,cube,center_circle,5,0.7,congestion,smart_t_routing,true,10,false,success,0,0.009340,,
176,2026-05-14,2026-05-14 16:03:39,fredkin_n3,7,7,fredkin_n3-7x7,gaussian,,coarse,1.55,0.56,1.55,0.56,0.74,1,,,cube,center_circle,5,0.7,congestion,smart_t_routing,false,10,false,success,0,0.008587,,
177,2026-05-14,2026-05-14 16:03:39,ising_n26,12,12,ising_n26-12x12,gaussian,,coarse,1.55,0.56,1.55,0.56,0.74,1,,,connectivity,center_circle,5,0.7,boost,smart_t_routing,true,6,false,success,0,0.017566,,
178,2026-05-14,2026-05-14 16:03:39,ising_n26,12,12,ising_n26-12x12,gaussian,,coarse,1.55,0.56,1.55,0.56,0.74,1,,,connectivity,center_circle,5,0.7,boost,smart_t_routing,false,6,false,success,0,0.020449,,
180,2026-05-14,2026-05-14 16:03:39,ising_n26,,,,gaussian,,coarse,1.55,0.56,1.55,0.56,0.74,1,,,cube,center_circle,5,0.7,boost,smart_t_routing,false,,false,failed,1,0.018910,,Execution failed with exit code 1: Failed to map qubit 2: No valid free non-magic node with safe passage was found.
179,2026-05-14,2026-05-14 16:03:39,ising_n26,,,,gaussian,,coarse,1.55,0.56,1.55,0.56,0.74,1,,,cube,center_circle,5,0.7,boost,smart_t_routing,true,,false,failed,1,0.015806,,Execution failed with exit code 1: Failed to map qubit 2: No valid free non-magic node with safe passage was found.
181,2026-05-14,2026-05-14 16:03:39,ising_n26,12,12,ising_n26-12x12,gaussian,,coarse,1.55,0.56,1.55,0.56,0.74,1,,,connectivity,center_circle,5,0.7,congestion,smart_t_routing,true,6,false,success,0,0.029663,,
184,2026-05-14,2026-05-14 16:03:39,ising_n26,,,,gaussian,,coarse,1.55,0.56,1.55,0.56,0.74,1,,,cube,center_circle,5,0.7,congestion,smart_t_routing,false,,false,failed,1,0.015831,,Execution failed with exit code 1: Failed to map qubit 2: No valid free non-magic node with safe passage was found.
183,2026-05-14,2026-05-14 16:03:39,ising_n26,,,,gaussian,,coarse,1.55,0.56,1.55,0.56,0.74,1,,,cube,center_circle,5,0.7,congestion,smart_t_routing,true,,false,failed,1,0.016551,,Execution failed with exit code 1: Failed to map qubit 2: No valid free non-magic node with safe passage was found.
182,2026-05-14,2026-05-14 16:03:39,ising_n26,12,12,ising_n26-12x12,gaussian,,coarse,1.55,0.56,1.55,0.56,0.74,1,,,connectivity,center_circle,5,0.7,congestion,smart_t_routing,false,6,false,success,0,0.030764,,
187,2026-05-14,2026-05-14 16:03:39,qft_20,14,14,qft_20-14x14,gaussian,,coarse,1.55,0.56,1.55,0.56,0.74,1,,,cube,center_circle,5,0.7,boost,smart_t_routing,true,95,false,success,0,0.037699,,
188,2026-05-14,2026-05-14 16:03:39,qft_20,14,14,qft_20-14x14,gaussian,,coarse,1.55,0.56,1.55,0.56,0.74,1,,,cube,center_circle,5,0.7,boost,smart_t_routing,false,95,false,success,0,0.032651,,
191,2026-05-14,2026-05-14 16:03:39,qft_20,14,14,qft_20-14x14,gaussian,,coarse,1.55,0.56,1.55,0.56,0.74,1,,,cube,center_circle,5,0.7,congestion,smart_t_routing,true,92,false,success,0,0.037917,,
185,2026-05-14,2026-05-14 16:03:39,qft_20,10,10,qft_20-10x10,gaussian,,coarse,1.55,0.56,1.55,0.56,0.74,1,,,connectivity,center_circle,5,0.7,boost,smart_t_routing,true,205,false,success,0,0.138792,,
186,2026-05-14,2026-05-14 16:03:39,qft_20,10,10,qft_20-10x10,gaussian,,coarse,1.55,0.56,1.55,0.56,0.74,1,,,connectivity,center_circle,5,0.7,boost,smart_t_routing,false,205,false,success,0,0.139377,,
192,2026-05-14,2026-05-14 16:03:39,qft_20,14,14,qft_20-14x14,gaussian,,coarse,1.55,0.56,1.55,0.56,0.74,1,,,cube,center_circle,5,0.7,congestion,smart_t_routing,false,91,false,success,0,0.043858,,
189,2026-05-14,2026-05-14 16:03:39,qft_20,10,10,qft_20-10x10,gaussian,,coarse,1.55,0.56,1.55,0.56,0.74,1,,,connectivity,center_circle,5,0.7,congestion,smart_t_routing,true,195,false,success,0,0.125255,,
195,2026-05-14,2026-05-14 16:03:39,qft_n18,,,,gaussian,,coarse,1.55,0.56,1.55,0.56,0.74,1,,,cube,center_circle,5,0.7,boost,smart_t_routing,true,,false,failed,1,0.013723,,Execution failed with exit code 1: Failed to map qubit 2: No valid free non-magic node with safe passage was found.
196,2026-05-14,2026-05-14 16:03:39,qft_n18,,,,gaussian,,coarse,1.55,0.56,1.55,0.56,0.74,1,,,cube,center_circle,5,0.7,boost,smart_t_routing,false,,false,failed,1,0.014145,,Execution failed with exit code 1: Failed to map qubit 2: No valid free non-magic node with safe passage was found.
190,2026-05-14,2026-05-14 16:03:39,qft_20,10,10,qft_20-10x10,gaussian,,coarse,1.55,0.56,1.55,0.56,0.74,1,,,connectivity,center_circle,5,0.7,congestion,smart_t_routing,false,195,false,success,0,0.130537,,
199,2026-05-14,2026-05-14 16:03:39,qft_n18,,,,gaussian,,coarse,1.55,0.56,1.55,0.56,0.74,1,,,cube,center_circle,5,0.7,congestion,smart_t_routing,true,,false,failed,1,0.012008,,Execution failed with exit code 1: Failed to map qubit 2: No valid free non-magic node with safe passage was found.
200,2026-05-14,2026-05-14 16:03:39,qft_n18,,,,gaussian,,coarse,1.55,0.56,1.55,0.56,0.74,1,,,cube,center_circle,5,0.7,congestion,smart_t_routing,false,,false,failed,1,0.012010,,Execution failed with exit code 1: Failed to map qubit 2: No valid free non-magic node with safe passage was found.
201,2026-05-14,2026-05-14 16:03:39,qram_n20,7,7,qram_n20-7x7,gaussian,,coarse,1.55,0.56,1.55,0.56,0.74,1,,,connectivity,center_circle,5,0.7,boost,smart_t_routing,true,8,false,success,0,0.012092,,
193,2026-05-14,2026-05-14 16:03:39,qft_n18,10,10,qft_n18-10x10,gaussian,,coarse,1.55,0.56,1.55,0.56,0.74,1,,,connectivity,center_circle,5,0.7,boost,smart_t_routing,true,164,false,success,0,0.104484,,
194,2026-05-14,2026-05-14 16:03:39,qft_n18,10,10,qft_n18-10x10,gaussian,,coarse,1.55,0.56,1.55,0.56,0.74,1,,,connectivity,center_circle,5,0.7,boost,smart_t_routing,false,164,false,success,0,0.100889,,
202,2026-05-14,2026-05-14 16:03:39,qram_n20,7,7,qram_n20-7x7,gaussian,,coarse,1.55,0.56,1.55,0.56,0.74,1,,,connectivity,center_circle,5,0.7,boost,smart_t_routing,false,8,false,success,0,0.008442,,
197,2026-05-14,2026-05-14 16:03:39,qft_n18,10,10,qft_n18-10x10,gaussian,,coarse,1.55,0.56,1.55,0.56,0.74,1,,,connectivity,center_circle,5,0.7,congestion,smart_t_routing,true,162,false,success,0,0.093081,,
203,2026-05-14,2026-05-14 16:03:39,qram_n20,10,10,qram_n20-10x10,gaussian,,coarse,1.55,0.56,1.55,0.56,0.74,1,,,cube,center_circle,5,0.7,boost,smart_t_routing,true,8,false,success,0,0.009822,,
205,2026-05-14,2026-05-14 16:03:39,qram_n20,7,7,qram_n20-7x7,gaussian,,coarse,1.55,0.56,1.55,0.56,0.74,1,,,connectivity,center_circle,5,0.7,congestion,smart_t_routing,true,8,false,success,0,0.012036,,
206,2026-05-14,2026-05-14 16:03:39,qram_n20,7,7,qram_n20-7x7,gaussian,,coarse,1.55,0.56,1.55,0.56,0.74,1,,,connectivity,center_circle,5,0.7,congestion,smart_t_routing,false,8,false,success,0,0.009279,,
207,2026-05-14,2026-05-14 16:03:39,qram_n20,10,10,qram_n20-10x10,gaussian,,coarse,1.55,0.56,1.55,0.56,0.74,1,,,cube,center_circle,5,0.7,congestion,smart_t_routing,true,8,false,success,0,0.011582,,
209,2026-05-14,2026-05-14 16:03:39,19qubits_521gate_352layers,10,10,19qubits_521gate_352layers-10x10,gaussian,,coarse,1.55,0.56,1.55,0.56,0.74,1,,,connectivity,center_circle,5,0.7,boost,smart_t_routing,true,300,false,success,0,0.051800,,
208,2026-05-14,2026-05-14 16:03:39,qram_n20,10,10,qram_n20-10x10,gaussian,,coarse,1.55,0.56,1.55,0.56,0.74,1,,,cube,center_circle,5,0.7,congestion,smart_t_routing,false,8,false,success,0,0.009721,,
198,2026-05-14,2026-05-14 16:03:39,qft_n18,10,10,qft_n18-10x10,gaussian,,coarse,1.55,0.56,1.55,0.56,0.74,1,,,connectivity,center_circle,5,0.7,congestion,smart_t_routing,false,162,false,success,0,0.095775,,
211,2026-05-14,2026-05-14 16:03:39,19qubits_521gate_352layers,14,14,19qubits_521gate_352layers-14x14,gaussian,,coarse,1.55,0.56,1.55,0.56,0.74,1,,,cube,center_circle,5,0.7,boost,smart_t_routing,true,286,false,success,0,0.017762,,
204,2026-05-14,2026-05-14 16:03:39,qram_n20,10,10,qram_n20-10x10,gaussian,,coarse,1.55,0.56,1.55,0.56,0.74,1,,,cube,center_circle,5,0.7,boost,smart_t_routing,false,8,false,success,0,0.009647,,
212,2026-05-14,2026-05-14 16:03:39,19qubits_521gate_352layers,14,14,19qubits_521gate_352layers-14x14,gaussian,,coarse,1.55,0.56,1.55,0.56,0.74,1,,,cube,center_circle,5,0.7,boost,smart_t_routing,false,286,false,success,0,0.018502,,
210,2026-05-14,2026-05-14 16:03:39,19qubits_521gate_352layers,10,10,19qubits_521gate_352layers-10x10,gaussian,,coarse,1.55,0.56,1.55,0.56,0.74,1,,,connectivity,center_circle,5,0.7,boost,smart_t_routing,false,300,false,success,0,0.068304,,
215,2026-05-14,2026-05-14 16:03:39,19qubits_521gate_352layers,14,14,19qubits_521gate_352layers-14x14,gaussian,,coarse,1.55,0.56,1.55,0.56,0.74,1,,,cube,center_circle,5,0.7,congestion,smart_t_routing,true,286,false,success,0,0.050121,,
216,2026-05-14,2026-05-14 16:03:39,19qubits_521gate_352layers,14,14,19qubits_521gate_352layers-14x14,gaussian,,coarse,1.55,0.56,1.55,0.56,0.74,1,,,cube,center_circle,5,0.7,congestion,smart_t_routing,false,286,false,success,0,0.043196,,
213,2026-05-14,2026-05-14 16:03:39,19qubits_521gate_352layers,10,10,19qubits_521gate_352layers-10x10,gaussian,,coarse,1.55,0.56,1.55,0.56,0.74,1,,,connectivity,center_circle,5,0.7,congestion,smart_t_routing,true,300,false,success,0,0.086165,,
214,2026-05-14,2026-05-14 16:03:39,19qubits_521gate_352layers,10,10,19qubits_521gate_352layers-10x10,gaussian,,coarse,1.55,0.56,1.55,0.56,0.74,1,,,connectivity,center_circle,5,0.7,congestion,smart_t_routing,false,300,false,success,0,0.083672,,
8,2026-05-14,2026-05-14 16:03:35,hhl_n10,11,11,hhl_n10-11x11,gaussian,,coarse,1.55,0.56,1.55,0.56,0.74,1,,,cube,center_circle,5,0.7,congestion,smart_t_routing,false,72039,false,success,0,4.228843,,
219,2026-05-14,2026-05-14 16:03:39,hhl_n10,11,11,hhl_n10-11x11,gaussian,,coarse,1.55,0.56,1.55,0.56,0.74,1,,,cube,right_row,5,0.7,boost,smart_t_routing,true,72040,false,success,0,1.103277,,
220,2026-05-14,2026-05-14 16:03:39,hhl_n10,11,11,hhl_n10-11x11,gaussian,,coarse,1.55,0.56,1.55,0.56,0.74,1,,,cube,right_row,5,0.7,boost,smart_t_routing,false,72040,false,success,0,1.101917,,
1,2026-05-14,2026-05-14 16:03:35,hhl_n10,7,7,hhl_n10-7x7,gaussian,,coarse,1.55,0.56,1.55,0.56,0.74,1,,,connectivity,center_circle,5,0.7,boost,smart_t_routing,true,72147,false,success,0,6.668597,,
2,2026-05-14,2026-05-14 16:03:35,hhl_n10,7,7,hhl_n10-7x7,gaussian,,coarse,1.55,0.56,1.55,0.56,0.74,1,,,connectivity,center_circle,5,0.7,boost,smart_t_routing,false,72147,false,success,0,6.699832,,
223,2026-05-14,2026-05-14 16:03:40,hhl_n10,11,11,hhl_n10-11x11,gaussian,,coarse,1.55,0.56,1.55,0.56,0.74,1,,,cube,right_row,5,0.7,congestion,smart_t_routing,true,72039,false,success,0,2.527430,,
5,2026-05-14,2026-05-14 16:03:35,hhl_n10,7,7,hhl_n10-7x7,gaussian,,coarse,1.55,0.56,1.55,0.56,0.74,1,,,connectivity,center_circle,5,0.7,congestion,smart_t_routing,true,72147,false,success,0,7.805628,,
6,2026-05-14,2026-05-14 16:03:35,hhl_n10,7,7,hhl_n10-7x7,gaussian,,coarse,1.55,0.56,1.55,0.56,0.74,1,,,connectivity,center_circle,5,0.7,congestion,smart_t_routing,false,72147,false,success,0,8.094568,,
217,2026-05-14,2026-05-14 16:03:39,hhl_n10,7,7,hhl_n10-7x7,gaussian,,coarse,1.55,0.56,1.55,0.56,0.74,1,,,connectivity,right_row,5,0.7,boost,smart_t_routing,true,72109,false,success,0,4.742834,,
218,2026-05-14,2026-05-14 16:03:39,hhl_n10,7,7,hhl_n10-7x7,gaussian,,coarse,1.55,0.56,1.55,0.56,0.74,1,,,connectivity,right_row,5,0.7,boost,smart_t_routing,false,72109,false,success,0,4.720959,,
224,2026-05-14,2026-05-14 16:03:40,hhl_n10,11,11,hhl_n10-11x11,gaussian,,coarse,1.55,0.56,1.55,0.56,0.74,1,,,cube,right_row,5,0.7,congestion,smart_t_routing,false,72039,false,success,0,3.766991,,
221,2026-05-14,2026-05-14 16:03:39,hhl_n10,7,7,hhl_n10-7x7,gaussian,,coarse,1.55,0.56,1.55,0.56,0.74,1,,,connectivity,right_row,5,0.7,congestion,smart_t_routing,true,72108,false,success,0,5.648283,,
233,2026-05-14,2026-05-14 16:03:45,t_test2,,,,gaussian,,coarse,1.55,0.56,1.55,0.56,0.74,1,,,connectivity,right_row,5,0.7,boost,smart_t_routing,true,,false,failed,1,0.118602,,Execution failed with exit code 1: RRR routing made no progress at layer 1.
234,2026-05-14,2026-05-14 16:03:45,t_test2,,,,gaussian,,coarse,1.55,0.56,1.55,0.56,0.74,1,,,connectivity,right_row,5,0.7,boost,smart_t_routing,false,,false,failed,1,0.120698,,Execution failed with exit code 1: RRR routing made no progress at layer 1.
235,2026-05-14,2026-05-14 16:03:45,t_test2,,,,gaussian,,coarse,1.55,0.56,1.55,0.56,0.74,1,,,cube,right_row,5,0.7,boost,smart_t_routing,true,,false,failed,1,0.024728,,Execution failed with exit code 1: RRR routing made no progress at layer 1.
236,2026-05-14,2026-05-14 16:03:45,t_test2,,,,gaussian,,coarse,1.55,0.56,1.55,0.56,0.74,1,,,cube,right_row,5,0.7,boost,smart_t_routing,false,,false,failed,1,0.024765,,Execution failed with exit code 1: RRR routing made no progress at layer 1.
222,2026-05-14,2026-05-14 16:03:39,hhl_n10,7,7,hhl_n10-7x7,gaussian,,coarse,1.55,0.56,1.55,0.56,0.74,1,,,connectivity,right_row,5,0.7,congestion,smart_t_routing,false,72108,false,success,0,5.923150,,
237,2026-05-14,2026-05-14 16:03:45,t_test2,6,6,t_test2-6x6,gaussian,,coarse,1.55,0.56,1.55,0.56,0.74,1,,,connectivity,right_row,5,0.7,congestion,smart_t_routing,true,3968,false,success,0,0.192463,,
239,2026-05-14,2026-05-14 16:03:45,t_test2,10,10,t_test2-10x10,gaussian,,coarse,1.55,0.56,1.55,0.56,0.74,1,,,cube,right_row,5,0.7,congestion,smart_t_routing,true,3921,false,success,0,0.153525,,
238,2026-05-14,2026-05-14 16:03:45,t_test2,6,6,t_test2-6x6,gaussian,,coarse,1.55,0.56,1.55,0.56,0.74,1,,,connectivity,right_row,5,0.7,congestion,smart_t_routing,false,3968,false,success,0,0.216686,,
241,2026-05-14,2026-05-14 16:03:46,vqe_uccsd_n8,6,6,vqe_uccsd_n8-6x6,gaussian,,coarse,1.55,0.56,1.55,0.56,0.74,1,,,connectivity,right_row,5,0.7,boost,smart_t_routing,true,5446,false,success,0,0.115732,,
240,2026-05-14,2026-05-14 16:03:46,t_test2,10,10,t_test2-10x10,gaussian,,coarse,1.55,0.56,1.55,0.56,0.74,1,,,cube,right_row,5,0.7,congestion,smart_t_routing,false,3921,false,success,0,0.217510,,
242,2026-05-14,2026-05-14 16:03:46,vqe_uccsd_n8,6,6,vqe_uccsd_n8-6x6,gaussian,,coarse,1.55,0.56,1.55,0.56,0.74,1,,,connectivity,right_row,5,0.7,boost,smart_t_routing,false,5446,false,success,0,0.118012,,
243,2026-05-14,2026-05-14 16:03:46,vqe_uccsd_n8,10,10,vqe_uccsd_n8-10x10,gaussian,,coarse,1.55,0.56,1.55,0.56,0.74,1,,,cube,right_row,5,0.7,boost,smart_t_routing,true,5446,false,success,0,0.083229,,
244,2026-05-14,2026-05-14 16:03:46,vqe_uccsd_n8,10,10,vqe_uccsd_n8-10x10,gaussian,,coarse,1.55,0.56,1.55,0.56,0.74,1,,,cube,right_row,5,0.7,boost,smart_t_routing,false,5446,false,success,0,0.082016,,
245,2026-05-14,2026-05-14 16:03:46,vqe_uccsd_n8,6,6,vqe_uccsd_n8-6x6,gaussian,,coarse,1.55,0.56,1.55,0.56,0.74,1,,,connectivity,right_row,5,0.7,congestion,smart_t_routing,true,5446,false,success,0,0.163716,,
246,2026-05-14,2026-05-14 16:03:46,vqe_uccsd_n8,6,6,vqe_uccsd_n8-6x6,gaussian,,coarse,1.55,0.56,1.55,0.56,0.74,1,,,connectivity,right_row,5,0.7,congestion,smart_t_routing,false,5446,false,success,0,0.170696,,
247,2026-05-14,2026-05-14 16:03:46,vqe_uccsd_n8,10,10,vqe_uccsd_n8-10x10,gaussian,,coarse,1.55,0.56,1.55,0.56,0.74,1,,,cube,right_row,5,0.7,congestion,smart_t_routing,true,5446,false,success,0,0.189025,,
248,2026-05-14,2026-05-14 16:03:46,vqe_uccsd_n8,10,10,vqe_uccsd_n8-10x10,gaussian,,coarse,1.55,0.56,1.55,0.56,0.74,1,,,cube,right_row,5,0.7,congestion,smart_t_routing,false,5446,false,success,0,0.240404,,
249,2026-05-14,2026-05-14 16:03:46,square_root_n45,13,13,square_root_n45-13x13,gaussian,,coarse,1.55,0.56,1.55,0.56,0.74,1,,,connectivity,right_row,5,0.7,boost,smart_t_routing,true,570,false,success,0,0.393364,,
250,2026-05-14,2026-05-14 16:03:46,square_root_n45,13,13,square_root_n45-13x13,gaussian,,coarse,1.55,0.56,1.55,0.56,0.74,1,,,connectivity,right_row,5,0.7,boost,smart_t_routing,false,570,false,success,0,0.389064,,
251,2026-05-14,2026-05-14 16:03:47,square_root_n45,17,17,square_root_n45-17x17,gaussian,,coarse,1.55,0.56,1.55,0.56,0.74,1,,,cube,right_row,5,0.7,boost,smart_t_routing,true,570,false,success,0,0.239781,,
227,2026-05-14,2026-05-14 16:03:43,bwt_n21,14,14,bwt_n21-14x14,gaussian,,coarse,1.55,0.56,1.55,0.56,0.74,1,,,cube,right_row,5,0.7,boost,smart_t_routing,true,116400,false,success,0,4.064842,,
252,2026-05-14,2026-05-14 16:03:47,square_root_n45,17,17,square_root_n45-17x17,gaussian,,coarse,1.55,0.56,1.55,0.56,0.74,1,,,cube,right_row,5,0.7,boost,smart_t_routing,false,570,false,success,0,0.240464,,
228,2026-05-14,2026-05-14 16:03:43,bwt_n21,14,14,bwt_n21-14x14,gaussian,,coarse,1.55,0.56,1.55,0.56,0.74,1,,,cube,right_row,5,0.7,boost,smart_t_routing,false,116400,false,success,0,4.039569,,
255,2026-05-14,2026-05-14 16:03:47,square_root_n45,17,17,square_root_n45-17x17,gaussian,,coarse,1.55,0.56,1.55,0.56,0.74,1,,,cube,right_row,5,0.7,congestion,smart_t_routing,true,570,false,success,0,0.194742,,
257,2026-05-14,2026-05-14 16:03:47,dnn_n16,9,9,dnn_n16-9x9,gaussian,,coarse,1.55,0.56,1.55,0.56,0.74,1,,,connectivity,right_row,5,0.7,boost,smart_t_routing,true,72,false,success,0,0.025712,,
258,2026-05-14,2026-05-14 16:03:47,dnn_n16,9,9,dnn_n16-9x9,gaussian,,coarse,1.55,0.56,1.55,0.56,0.74,1,,,connectivity,right_row,5,0.7,boost,smart_t_routing,false,72,false,success,0,0.026774,,
259,2026-05-14,2026-05-14 16:03:47,dnn_n16,13,13,dnn_n16-13x13,gaussian,,coarse,1.55,0.56,1.55,0.56,0.74,1,,,cube,right_row,5,0.7,boost,smart_t_routing,true,48,false,success,0,0.020113,,
260,2026-05-14,2026-05-14 16:03:47,dnn_n16,13,13,dnn_n16-13x13,gaussian,,coarse,1.55,0.56,1.55,0.56,0.74,1,,,cube,right_row,5,0.7,boost,smart_t_routing,false,48,false,success,0,0.017037,,
253,2026-05-14,2026-05-14 16:03:47,square_root_n45,13,13,square_root_n45-13x13,gaussian,,coarse,1.55,0.56,1.55,0.56,0.74,1,,,connectivity,right_row,5,0.7,congestion,smart_t_routing,true,570,false,success,0,0.386023,,
261,2026-05-14,2026-05-14 16:03:47,dnn_n16,9,9,dnn_n16-9x9,gaussian,,coarse,1.55,0.56,1.55,0.56,0.74,1,,,connectivity,right_row,5,0.7,congestion,smart_t_routing,true,72,false,success,0,0.030566,,
262,2026-05-14,2026-05-14 16:03:47,dnn_n16,9,9,dnn_n16-9x9,gaussian,,coarse,1.55,0.56,1.55,0.56,0.74,1,,,connectivity,right_row,5,0.7,congestion,smart_t_routing,false,72,false,success,0,0.028741,,
263,2026-05-14,2026-05-14 16:03:47,dnn_n16,13,13,dnn_n16-13x13,gaussian,,coarse,1.55,0.56,1.55,0.56,0.74,1,,,cube,right_row,5,0.7,congestion,smart_t_routing,true,48,false,success,0,0.023701,,
256,2026-05-14,2026-05-14 16:03:47,square_root_n45,17,17,square_root_n45-17x17,gaussian,,coarse,1.55,0.56,1.55,0.56,0.74,1,,,cube,right_row,5,0.7,congestion,smart_t_routing,false,570,false,success,0,0.290120,,
264,2026-05-14,2026-05-14 16:03:47,dnn_n16,13,13,dnn_n16-13x13,gaussian,,coarse,1.55,0.56,1.55,0.56,0.74,1,,,cube,right_row,5,0.7,congestion,smart_t_routing,false,48,false,success,0,0.027626,,
267,2026-05-14,2026-05-14 16:03:47,t_test,,,,gaussian,,coarse,1.55,0.56,1.55,0.56,0.74,1,,,cube,right_row,5,0.7,boost,smart_t_routing,true,,false,failed,1,0.009372,,Execution failed with exit code 1: RRR routing made no progress at layer 1.
266,2026-05-14,2026-05-14 16:03:47,t_test,,,,gaussian,,coarse,1.55,0.56,1.55,0.56,0.74,1,,,connectivity,right_row,5,0.7,boost,smart_t_routing,false,,false,failed,1,0.016770,,Execution failed with exit code 1: Failed to map qubit 2: No valid free non-magic node with safe passage was found.
265,2026-05-14,2026-05-14 16:03:47,t_test,,,,gaussian,,coarse,1.55,0.56,1.55,0.56,0.74,1,,,connectivity,right_row,5,0.7,boost,smart_t_routing,true,,false,failed,1,0.019907,,Execution failed with exit code 1: Failed to map qubit 2: No valid free non-magic node with safe passage was found.
268,2026-05-14,2026-05-14 16:03:47,t_test,,,,gaussian,,coarse,1.55,0.56,1.55,0.56,0.74,1,,,cube,right_row,5,0.7,boost,smart_t_routing,false,,false,failed,1,0.013004,,Execution failed with exit code 1: RRR routing made no progress at layer 1.
254,2026-05-14,2026-05-14 16:03:47,square_root_n45,13,13,square_root_n45-13x13,gaussian,,coarse,1.55,0.56,1.55,0.56,0.74,1,,,connectivity,right_row,5,0.7,congestion,smart_t_routing,false,570,false,success,0,0.433026,,
269,2026-05-14,2026-05-14 16:03:47,t_test,,,,gaussian,,coarse,1.55,0.56,1.55,0.56,0.74,1,,,connectivity,right_row,5,0.7,congestion,smart_t_routing,true,,false,failed,1,0.014675,,Execution failed with exit code 1: Failed to map qubit 2: No valid free non-magic node with safe passage was found.
270,2026-05-14,2026-05-14 16:03:47,t_test,,,,gaussian,,coarse,1.55,0.56,1.55,0.56,0.74,1,,,connectivity,right_row,5,0.7,congestion,smart_t_routing,false,,false,failed,1,0.016810,,Execution failed with exit code 1: Failed to map qubit 2: No valid free non-magic node with safe passage was found.
273,2026-05-14,2026-05-14 16:03:47,vqe_uccsd_n4,5,5,vqe_uccsd_n4-5x5,gaussian,,coarse,1.55,0.56,1.55,0.56,0.74,1,,,connectivity,right_row,5,0.7,boost,smart_t_routing,true,87,false,success,0,0.012934,,
274,2026-05-14,2026-05-14 16:03:47,vqe_uccsd_n4,5,5,vqe_uccsd_n4-5x5,gaussian,,coarse,1.55,0.56,1.55,0.56,0.74,1,,,connectivity,right_row,5,0.7,boost,smart_t_routing,false,87,false,success,0,0.012532,,
271,2026-05-14,2026-05-14 16:03:47,t_test,10,10,t_test-10x10,gaussian,,coarse,1.55,0.56,1.55,0.56,0.74,1,,,cube,right_row,5,0.7,congestion,smart_t_routing,true,125,false,success,0,0.033282,,
275,2026-05-14,2026-05-14 16:03:47,vqe_uccsd_n4,8,8,vqe_uccsd_n4-8x8,gaussian,,coarse,1.55,0.56,1.55,0.56,0.74,1,,,cube,right_row,5,0.7,boost,smart_t_routing,true,87,false,success,0,0.010723,,
276,2026-05-14,2026-05-14 16:03:47,vqe_uccsd_n4,8,8,vqe_uccsd_n4-8x8,gaussian,,coarse,1.55,0.56,1.55,0.56,0.74,1,,,cube,right_row,5,0.7,boost,smart_t_routing,false,87,false,success,0,0.011386,,
277,2026-05-14,2026-05-14 16:03:47,vqe_uccsd_n4,5,5,vqe_uccsd_n4-5x5,gaussian,,coarse,1.55,0.56,1.55,0.56,0.74,1,,,connectivity,right_row,5,0.7,congestion,smart_t_routing,true,87,false,success,0,0.009050,,
278,2026-05-14,2026-05-14 16:03:47,vqe_uccsd_n4,5,5,vqe_uccsd_n4-5x5,gaussian,,coarse,1.55,0.56,1.55,0.56,0.74,1,,,connectivity,right_row,5,0.7,congestion,smart_t_routing,false,87,false,success,0,0.011401,,
272,2026-05-14,2026-05-14 16:03:47,t_test,10,10,t_test-10x10,gaussian,,coarse,1.55,0.56,1.55,0.56,0.74,1,,,cube,right_row,5,0.7,congestion,smart_t_routing,false,125,false,success,0,0.059683,,
279,2026-05-14,2026-05-14 16:03:47,vqe_uccsd_n4,8,8,vqe_uccsd_n4-8x8,gaussian,,coarse,1.55,0.56,1.55,0.56,0.74,1,,,cube,right_row,5,0.7,congestion,smart_t_routing,true,87,false,success,0,0.012199,,
280,2026-05-14,2026-05-14 16:03:47,vqe_uccsd_n4,8,8,vqe_uccsd_n4-8x8,gaussian,,coarse,1.55,0.56,1.55,0.56,0.74,1,,,cube,right_row,5,0.7,congestion,smart_t_routing,false,87,false,success,0,0.011628,,
282,2026-05-14,2026-05-14 16:03:47,multiplier_n45,12,12,multiplier_n45-12x12,gaussian,,coarse,1.55,0.56,1.55,0.56,0.74,1,,,connectivity,right_row,5,0.7,boost,smart_t_routing,false,36,false,success,0,0.028057,,
281,2026-05-14,2026-05-14 16:03:47,multiplier_n45,12,12,multiplier_n45-12x12,gaussian,,coarse,1.55,0.56,1.55,0.56,0.74,1,,,connectivity,right_row,5,0.7,boost,smart_t_routing,true,36,false,success,0,0.034359,,
284,2026-05-14,2026-05-14 16:03:47,multiplier_n45,16,16,multiplier_n45-16x16,gaussian,,coarse,1.55,0.56,1.55,0.56,0.74,1,,,cube,right_row,5,0.7,boost,smart_t_routing,false,36,false,success,0,0.023914,,
283,2026-05-14,2026-05-14 16:03:47,multiplier_n45,16,16,multiplier_n45-16x16,gaussian,,coarse,1.55,0.56,1.55,0.56,0.74,1,,,cube,right_row,5,0.7,boost,smart_t_routing,true,36,false,success,0,0.033026,,
285,2026-05-14,2026-05-14 16:03:47,multiplier_n45,12,12,multiplier_n45-12x12,gaussian,,coarse,1.55,0.56,1.55,0.56,0.74,1,,,connectivity,right_row,5,0.7,congestion,smart_t_routing,true,36,false,success,0,0.038564,,
286,2026-05-14,2026-05-14 16:03:47,multiplier_n45,12,12,multiplier_n45-12x12,gaussian,,coarse,1.55,0.56,1.55,0.56,0.74,1,,,connectivity,right_row,5,0.7,congestion,smart_t_routing,false,36,false,success,0,0.040023,,
287,2026-05-14,2026-05-14 16:03:47,multiplier_n45,16,16,multiplier_n45-16x16,gaussian,,coarse,1.55,0.56,1.55,0.56,0.74,1,,,cube,right_row,5,0.7,congestion,smart_t_routing,true,36,false,success,0,0.040906,,
288,2026-05-14,2026-05-14 16:03:47,multiplier_n45,16,16,multiplier_n45-16x16,gaussian,,coarse,1.55,0.56,1.55,0.56,0.74,1,,,cube,right_row,5,0.7,congestion,smart_t_routing,false,36,false,success,0,0.038207,,
289,2026-05-14,2026-05-14 16:03:48,square_root_n18,8,8,square_root_n18-8x8,gaussian,,coarse,1.55,0.56,1.55,0.56,0.74,1,,,connectivity,right_row,5,0.7,boost,smart_t_routing,true,27,false,success,0,0.019125,,
290,2026-05-14,2026-05-14 16:03:48,square_root_n18,8,8,square_root_n18-8x8,gaussian,,coarse,1.55,0.56,1.55,0.56,0.74,1,,,connectivity,right_row,5,0.7,boost,smart_t_routing,false,27,false,success,0,0.021627,,
291,2026-05-14,2026-05-14 16:03:48,square_root_n18,12,12,square_root_n18-12x12,gaussian,,coarse,1.55,0.56,1.55,0.56,0.74,1,,,cube,right_row,5,0.7,boost,smart_t_routing,true,27,false,success,0,0.018748,,
292,2026-05-14,2026-05-14 16:03:48,square_root_n18,12,12,square_root_n18-12x12,gaussian,,coarse,1.55,0.56,1.55,0.56,0.74,1,,,cube,right_row,5,0.7,boost,smart_t_routing,false,27,false,success,0,0.014872,,
293,2026-05-14,2026-05-14 16:03:48,square_root_n18,8,8,square_root_n18-8x8,gaussian,,coarse,1.55,0.56,1.55,0.56,0.74,1,,,connectivity,right_row,5,0.7,congestion,smart_t_routing,true,27,false,success,0,0.016362,,
294,2026-05-14,2026-05-14 16:03:48,square_root_n18,8,8,square_root_n18-8x8,gaussian,,coarse,1.55,0.56,1.55,0.56,0.74,1,,,connectivity,right_row,5,0.7,congestion,smart_t_routing,false,27,false,success,0,0.019612,,
297,2026-05-14,2026-05-14 16:03:48,continuous_3_17_13,4,4,continuous_3_17_13-4x4,gaussian,,coarse,1.55,0.56,1.55,0.56,0.74,1,,,connectivity,right_row,5,0.7,boost,smart_t_routing,true,17,false,success,0,0.008606,,
295,2026-05-14,2026-05-14 16:03:48,square_root_n18,12,12,square_root_n18-12x12,gaussian,,coarse,1.55,0.56,1.55,0.56,0.74,1,,,cube,right_row,5,0.7,congestion,smart_t_routing,true,27,false,success,0,0.015052,,
298,2026-05-14,2026-05-14 16:03:48,continuous_3_17_13,4,4,continuous_3_17_13-4x4,gaussian,,coarse,1.55,0.56,1.55,0.56,0.74,1,,,connectivity,right_row,5,0.7,boost,smart_t_routing,false,17,false,success,0,0.008264,,
296,2026-05-14,2026-05-14 16:03:48,square_root_n18,12,12,square_root_n18-12x12,gaussian,,coarse,1.55,0.56,1.55,0.56,0.74,1,,,cube,right_row,5,0.7,congestion,smart_t_routing,false,27,false,success,0,0.018303,,
299,2026-05-14,2026-05-14 16:03:48,continuous_3_17_13,7,7,continuous_3_17_13-7x7,gaussian,,coarse,1.55,0.56,1.55,0.56,0.74,1,,,cube,right_row,5,0.7,boost,smart_t_routing,true,17,false,success,0,0.009488,,
301,2026-05-14,2026-05-14 16:03:48,continuous_3_17_13,4,4,continuous_3_17_13-4x4,gaussian,,coarse,1.55,0.56,1.55,0.56,0.74,1,,,connectivity,right_row,5,0.7,congestion,smart_t_routing,true,17,false,success,0,0.010473,,
302,2026-05-14,2026-05-14 16:03:48,continuous_3_17_13,4,4,continuous_3_17_13-4x4,gaussian,,coarse,1.55,0.56,1.55,0.56,0.74,1,,,connectivity,right_row,5,0.7,congestion,smart_t_routing,false,17,false,success,0,0.008527,,
303,2026-05-14,2026-05-14 16:03:48,continuous_3_17_13,7,7,continuous_3_17_13-7x7,gaussian,,coarse,1.55,0.56,1.55,0.56,0.74,1,,,cube,right_row,5,0.7,congestion,smart_t_routing,true,17,false,success,0,0.010985,,
304,2026-05-14,2026-05-14 16:03:48,continuous_3_17_13,7,7,continuous_3_17_13-7x7,gaussian,,coarse,1.55,0.56,1.55,0.56,0.74,1,,,cube,right_row,5,0.7,congestion,smart_t_routing,false,17,false,success,0,0.008129,,
305,2026-05-14,2026-05-14 16:03:48,parallel,6,6,parallel-6x6,gaussian,,coarse,1.55,0.56,1.55,0.56,0.74,1,,,connectivity,right_row,5,0.7,boost,smart_t_routing,true,10,false,success,0,0.008848,,
306,2026-05-14,2026-05-14 16:03:48,parallel,6,6,parallel-6x6,gaussian,,coarse,1.55,0.56,1.55,0.56,0.74,1,,,connectivity,right_row,5,0.7,boost,smart_t_routing,false,10,false,success,0,0.008697,,
307,2026-05-14,2026-05-14 16:03:48,parallel,10,10,parallel-10x10,gaussian,,coarse,1.55,0.56,1.55,0.56,0.74,1,,,cube,right_row,5,0.7,boost,smart_t_routing,true,10,false,success,0,0.008506,,
300,2026-05-14,2026-05-14 16:03:48,continuous_3_17_13,7,7,continuous_3_17_13-7x7,gaussian,,coarse,1.55,0.56,1.55,0.56,0.74,1,,,cube,right_row,5,0.7,boost,smart_t_routing,false,17,false,success,0,0.008076,,
308,2026-05-14,2026-05-14 16:03:48,parallel,10,10,parallel-10x10,gaussian,,coarse,1.55,0.56,1.55,0.56,0.74,1,,,cube,right_row,5,0.7,boost,smart_t_routing,false,10,false,success,0,0.009655,,
310,2026-05-14,2026-05-14 16:03:48,parallel,6,6,parallel-6x6,gaussian,,coarse,1.55,0.56,1.55,0.56,0.74,1,,,connectivity,right_row,5,0.7,congestion,smart_t_routing,false,10,false,success,0,0.009393,,
311,2026-05-14,2026-05-14 16:03:48,parallel,10,10,parallel-10x10,gaussian,,coarse,1.55,0.56,1.55,0.56,0.74,1,,,cube,right_row,5,0.7,congestion,smart_t_routing,true,10,false,success,0,0.009781,,
309,2026-05-14,2026-05-14 16:03:48,parallel,6,6,parallel-6x6,gaussian,,coarse,1.55,0.56,1.55,0.56,0.74,1,,,connectivity,right_row,5,0.7,congestion,smart_t_routing,true,10,false,success,0,0.008897,,
312,2026-05-14,2026-05-14 16:03:48,parallel,10,10,parallel-10x10,gaussian,,coarse,1.55,0.56,1.55,0.56,0.74,1,,,cube,right_row,5,0.7,congestion,smart_t_routing,false,10,false,success,0,0.010918,,
314,2026-05-14,2026-05-14 16:03:48,parallel_big,10,10,parallel_big-10x10,gaussian,,coarse,1.55,0.56,1.55,0.56,0.74,1,,,connectivity,right_row,5,0.7,boost,smart_t_routing,false,8,false,success,0,0.012990,,
313,2026-05-14,2026-05-14 16:03:48,parallel_big,10,10,parallel_big-10x10,gaussian,,coarse,1.55,0.56,1.55,0.56,0.74,1,,,connectivity,right_row,5,0.7,boost,smart_t_routing,true,8,false,success,0,0.022191,,
315,2026-05-14,2026-05-14 16:03:48,parallel_big,14,14,parallel_big-14x14,gaussian,,coarse,1.55,0.56,1.55,0.56,0.74,1,,,cube,right_row,5,0.7,boost,smart_t_routing,true,8,false,success,0,0.017447,,
316,2026-05-14,2026-05-14 16:03:48,parallel_big,14,14,parallel_big-14x14,gaussian,,coarse,1.55,0.56,1.55,0.56,0.74,1,,,cube,right_row,5,0.7,boost,smart_t_routing,false,8,false,success,0,0.015239,,
317,2026-05-14,2026-05-14 16:03:48,parallel_big,10,10,parallel_big-10x10,gaussian,,coarse,1.55,0.56,1.55,0.56,0.74,1,,,connectivity,right_row,5,0.7,congestion,smart_t_routing,true,8,false,success,0,0.021481,,
318,2026-05-14,2026-05-14 16:03:48,parallel_big,10,10,parallel_big-10x10,gaussian,,coarse,1.55,0.56,1.55,0.56,0.74,1,,,connectivity,right_row,5,0.7,congestion,smart_t_routing,false,8,false,success,0,0.018830,,
319,2026-05-14,2026-05-14 16:03:48,parallel_big,14,14,parallel_big-14x14,gaussian,,coarse,1.55,0.56,1.55,0.56,0.74,1,,,cube,right_row,5,0.7,congestion,smart_t_routing,true,8,false,success,0,0.023187,,
320,2026-05-14,2026-05-14 16:03:48,parallel_big,14,14,parallel_big-14x14,gaussian,,coarse,1.55,0.56,1.55,0.56,0.74,1,,,cube,right_row,5,0.7,congestion,smart_t_routing,false,8,false,success,0,0.020119,,
322,2026-05-14,2026-05-14 16:03:48,qaoa_n6,5,5,qaoa_n6-5x5,gaussian,,coarse,1.55,0.56,1.55,0.56,0.74,1,,,connectivity,right_row,5,0.7,boost,smart_t_routing,false,33,false,success,0,0.009087,,
321,2026-05-14,2026-05-14 16:03:48,qaoa_n6,5,5,qaoa_n6-5x5,gaussian,,coarse,1.55,0.56,1.55,0.56,0.74,1,,,connectivity,right_row,5,0.7,boost,smart_t_routing,true,33,false,success,0,0.010504,,
323,2026-05-14,2026-05-14 16:03:48,qaoa_n6,9,9,qaoa_n6-9x9,gaussian,,coarse,1.55,0.56,1.55,0.56,0.74,1,,,cube,right_row,5,0.7,boost,smart_t_routing,true,33,false,success,0,0.009543,,
324,2026-05-14,2026-05-14 16:03:48,qaoa_n6,9,9,qaoa_n6-9x9,gaussian,,coarse,1.55,0.56,1.55,0.56,0.74,1,,,cube,right_row,5,0.7,boost,smart_t_routing,false,33,false,success,0,0.010242,,
325,2026-05-14,2026-05-14 16:03:48,qaoa_n6,5,5,qaoa_n6-5x5,gaussian,,coarse,1.55,0.56,1.55,0.56,0.74,1,,,connectivity,right_row,5,0.7,congestion,smart_t_routing,true,33,false,success,0,0.011079,,
326,2026-05-14,2026-05-14 16:03:48,qaoa_n6,5,5,qaoa_n6-5x5,gaussian,,coarse,1.55,0.56,1.55,0.56,0.74,1,,,connectivity,right_row,5,0.7,congestion,smart_t_routing,false,33,false,success,0,0.010453,,
327,2026-05-14,2026-05-14 16:03:48,qaoa_n6,9,9,qaoa_n6-9x9,gaussian,,coarse,1.55,0.56,1.55,0.56,0.74,1,,,cube,right_row,5,0.7,congestion,smart_t_routing,true,33,false,success,0,0.009943,,
328,2026-05-14,2026-05-14 16:03:48,qaoa_n6,9,9,qaoa_n6-9x9,gaussian,,coarse,1.55,0.56,1.55,0.56,0.74,1,,,cube,right_row,5,0.7,congestion,smart_t_routing,false,33,false,success,0,0.010173,,
329,2026-05-14,2026-05-14 16:03:48,qaoa_n6_transpiled,5,5,qaoa_n6_transpiled-5x5,gaussian,,coarse,1.55,0.56,1.55,0.56,0.74,1,,,connectivity,right_row,5,0.7,boost,smart_t_routing,true,33,false,success,0,0.010234,,
330,2026-05-14,2026-05-14 16:03:48,qaoa_n6_transpiled,5,5,qaoa_n6_transpiled-5x5,gaussian,,coarse,1.55,0.56,1.55,0.56,0.74,1,,,connectivity,right_row,5,0.7,boost,smart_t_routing,false,33,false,success,0,0.010872,,
331,2026-05-14,2026-05-14 16:03:48,qaoa_n6_transpiled,9,9,qaoa_n6_transpiled-9x9,gaussian,,coarse,1.55,0.56,1.55,0.56,0.74,1,,,cube,right_row,5,0.7,boost,smart_t_routing,true,33,false,success,0,0.010264,,
333,2026-05-14,2026-05-14 16:03:48,qaoa_n6_transpiled,5,5,qaoa_n6_transpiled-5x5,gaussian,,coarse,1.55,0.56,1.55,0.56,0.74,1,,,connectivity,right_row,5,0.7,congestion,smart_t_routing,true,33,false,success,0,0.009442,,
332,2026-05-14,2026-05-14 16:03:48,qaoa_n6_transpiled,9,9,qaoa_n6_transpiled-9x9,gaussian,,coarse,1.55,0.56,1.55,0.56,0.74,1,,,cube,right_row,5,0.7,boost,smart_t_routing,false,33,false,success,0,0.012684,,
334,2026-05-14,2026-05-14 16:03:48,qaoa_n6_transpiled,5,5,qaoa_n6_transpiled-5x5,gaussian,,coarse,1.55,0.56,1.55,0.56,0.74,1,,,connectivity,right_row,5,0.7,congestion,smart_t_routing,false,33,false,success,0,0.012633,,
335,2026-05-14,2026-05-14 16:03:48,qaoa_n6_transpiled,9,9,qaoa_n6_transpiled-9x9,gaussian,,coarse,1.55,0.56,1.55,0.56,0.74,1,,,cube,right_row,5,0.7,congestion,smart_t_routing,true,33,false,success,0,0.013957,,
336,2026-05-14,2026-05-14 16:03:48,qaoa_n6_transpiled,9,9,qaoa_n6_transpiled-9x9,gaussian,,coarse,1.55,0.56,1.55,0.56,0.74,1,,,cube,right_row,5,0.7,congestion,smart_t_routing,false,33,false,success,0,0.009614,,
339,2026-05-14,2026-05-14 16:03:48,53qubits_332gate_152layers,,,,gaussian,,coarse,1.55,0.56,1.55,0.56,0.74,1,,,cube,right_row,5,0.7,boost,smart_t_routing,true,,false,failed,1,0.025120,,Execution failed with exit code 1: RRR routing made no progress at layer 5.
340,2026-05-14,2026-05-14 16:03:48,53qubits_332gate_152layers,,,,gaussian,,coarse,1.55,0.56,1.55,0.56,0.74,1,,,cube,right_row,5,0.7,boost,smart_t_routing,false,,false,failed,1,0.027573,,Execution failed with exit code 1: RRR routing made no progress at layer 5.
337,2026-05-14,2026-05-14 16:03:48,53qubits_332gate_152layers,,,,gaussian,,coarse,1.55,0.56,1.55,0.56,0.74,1,,,connectivity,right_row,5,0.7,boost,smart_t_routing,true,,false,failed,1,0.144764,,Execution failed with exit code 1: RRR routing made no progress at layer 5.
338,2026-05-14,2026-05-14 16:03:48,53qubits_332gate_152layers,,,,gaussian,,coarse,1.55,0.56,1.55,0.56,0.74,1,,,connectivity,right_row,5,0.7,boost,smart_t_routing,false,,false,failed,1,0.147588,,Execution failed with exit code 1: RRR routing made no progress at layer 5.
343,2026-05-14,2026-05-14 16:03:48,53qubits_332gate_152layers,18,18,53qubits_332gate_152layers-18x18,gaussian,,coarse,1.55,0.56,1.55,0.56,0.74,1,,,cube,right_row,5,0.7,congestion,smart_t_routing,true,41,false,success,0,0.069442,,
342,2026-05-14,2026-05-14 16:03:48,53qubits_332gate_152layers,14,14,53qubits_332gate_152layers-14x14,gaussian,,coarse,1.55,0.56,1.55,0.56,0.74,1,,,connectivity,right_row,5,0.7,congestion,smart_t_routing,false,41,false,success,0,0.176420,,
341,2026-05-14,2026-05-14 16:03:48,53qubits_332gate_152layers,14,14,53qubits_332gate_152layers-14x14,gaussian,,coarse,1.55,0.56,1.55,0.56,0.74,1,,,connectivity,right_row,5,0.7,congestion,smart_t_routing,true,41,false,success,0,0.178873,,
344,2026-05-14,2026-05-14 16:03:48,53qubits_332gate_152layers,18,18,53qubits_332gate_152layers-18x18,gaussian,,coarse,1.55,0.56,1.55,0.56,0.74,1,,,cube,right_row,5,0.7,congestion,smart_t_routing,false,41,false,success,0,0.072045,,
346,2026-05-14,2026-05-14 16:03:48,multiplier_n15,7,7,multiplier_n15-7x7,gaussian,,coarse,1.55,0.56,1.55,0.56,0.74,1,,,connectivity,right_row,5,0.7,boost,smart_t_routing,false,12,false,success,0,0.007888,,
345,2026-05-14,2026-05-14 16:03:48,multiplier_n15,7,7,multiplier_n15-7x7,gaussian,,coarse,1.55,0.56,1.55,0.56,0.74,1,,,connectivity,right_row,5,0.7,boost,smart_t_routing,true,12,false,success,0,0.008361,,
348,2026-05-14,2026-05-14 16:03:48,multiplier_n15,10,10,multiplier_n15-10x10,gaussian,,coarse,1.55,0.56,1.55,0.56,0.74,1,,,cube,right_row,5,0.7,boost,smart_t_routing,false,12,false,success,0,0.010785,,
347,2026-05-14,2026-05-14 16:03:48,multiplier_n15,10,10,multiplier_n15-10x10,gaussian,,coarse,1.55,0.56,1.55,0.56,0.74,1,,,cube,right_row,5,0.7,boost,smart_t_routing,true,12,false,success,0,0.014217,,
349,2026-05-14,2026-05-14 16:03:48,multiplier_n15,7,7,multiplier_n15-7x7,gaussian,,coarse,1.55,0.56,1.55,0.56,0.74,1,,,connectivity,right_row,5,0.7,congestion,smart_t_routing,true,12,false,success,0,0.010708,,
350,2026-05-14,2026-05-14 16:03:48,multiplier_n15,7,7,multiplier_n15-7x7,gaussian,,coarse,1.55,0.56,1.55,0.56,0.74,1,,,connectivity,right_row,5,0.7,congestion,smart_t_routing,false,12,false,success,0,0.011949,,
351,2026-05-14,2026-05-14 16:03:48,multiplier_n15,10,10,multiplier_n15-10x10,gaussian,,coarse,1.55,0.56,1.55,0.56,0.74,1,,,cube,right_row,5,0.7,congestion,smart_t_routing,true,12,false,success,0,0.012434,,
352,2026-05-14,2026-05-14 16:03:48,multiplier_n15,10,10,multiplier_n15-10x10,gaussian,,coarse,1.55,0.56,1.55,0.56,0.74,1,,,cube,right_row,5,0.7,congestion,smart_t_routing,false,12,false,success,0,0.011267,,
353,2026-05-14,2026-05-14 16:03:48,example,,,,gaussian,,coarse,1.55,0.56,1.55,0.56,0.74,1,,,connectivity,right_row,5,0.7,boost,smart_t_routing,true,,false,failed,1,0.009762,,Execution failed with exit code 1: RRR routing made no progress at layer 3.
354,2026-05-14,2026-05-14 16:03:48,example,,,,gaussian,,coarse,1.55,0.56,1.55,0.56,0.74,1,,,connectivity,right_row,5,0.7,boost,smart_t_routing,false,,false,failed,1,0.009574,,Execution failed with exit code 1: RRR routing made no progress at layer 3.
355,2026-05-14,2026-05-14 16:03:48,example,,,,gaussian,,coarse,1.55,0.56,1.55,0.56,0.74,1,,,cube,right_row,5,0.7,boost,smart_t_routing,true,,false,failed,1,0.009471,,Execution failed with exit code 1: RRR routing made no progress at layer 3.
356,2026-05-14,2026-05-14 16:03:48,example,,,,gaussian,,coarse,1.55,0.56,1.55,0.56,0.74,1,,,cube,right_row,5,0.7,boost,smart_t_routing,false,,false,failed,1,0.008530,,Execution failed with exit code 1: RRR routing made no progress at layer 3.
357,2026-05-14,2026-05-14 16:03:48,example,5,5,example-5x5,gaussian,,coarse,1.55,0.56,1.55,0.56,0.74,1,,,connectivity,right_row,5,0.7,congestion,smart_t_routing,true,21,false,success,0,0.008778,,
359,2026-05-14,2026-05-14 16:03:48,example,8,8,example-8x8,gaussian,,coarse,1.55,0.56,1.55,0.56,0.74,1,,,cube,right_row,5,0.7,congestion,smart_t_routing,true,21,false,success,0,0.010530,,
358,2026-05-14,2026-05-14 16:03:48,example,5,5,example-5x5,gaussian,,coarse,1.55,0.56,1.55,0.56,0.74,1,,,connectivity,right_row,5,0.7,congestion,smart_t_routing,false,21,false,success,0,0.011398,,
360,2026-05-14,2026-05-14 16:03:48,example,8,8,example-8x8,gaussian,,coarse,1.55,0.56,1.55,0.56,0.74,1,,,cube,right_row,5,0.7,congestion,smart_t_routing,false,21,false,success,0,0.011473,,
363,2026-05-14,2026-05-14 16:03:48,53qubits_155gate_57layers,,,,gaussian,,coarse,1.55,0.56,1.55,0.56,0.74,1,,,cube,right_row,5,0.7,boost,smart_t_routing,true,,false,failed,1,0.016434,,Execution failed with exit code 1: RRR routing made no progress at layer 6.
364,2026-05-14,2026-05-14 16:03:48,53qubits_155gate_57layers,,,,gaussian,,coarse,1.55,0.56,1.55,0.56,0.74,1,,,cube,right_row,5,0.7,boost,smart_t_routing,false,,false,failed,1,0.016934,,Execution failed with exit code 1: RRR routing made no progress at layer 6.
361,2026-05-14,2026-05-14 16:03:48,53qubits_155gate_57layers,,,,gaussian,,coarse,1.55,0.56,1.55,0.56,0.74,1,,,connectivity,right_row,5,0.7,boost,smart_t_routing,true,,false,failed,1,0.049989,,Execution failed with exit code 1: RRR routing made no progress at layer 6.
362,2026-05-14,2026-05-14 16:03:48,53qubits_155gate_57layers,,,,gaussian,,coarse,1.55,0.56,1.55,0.56,0.74,1,,,connectivity,right_row,5,0.7,boost,smart_t_routing,false,,false,failed,1,0.049644,,Execution failed with exit code 1: RRR routing made no progress at layer 6.
365,2026-05-14,2026-05-14 16:03:48,53qubits_155gate_57layers,12,12,53qubits_155gate_57layers-12x12,gaussian,,coarse,1.55,0.56,1.55,0.56,0.74,1,,,connectivity,right_row,5,0.7,congestion,smart_t_routing,true,23,false,success,0,0.057627,,
367,2026-05-14,2026-05-14 16:03:48,53qubits_155gate_57layers,16,16,53qubits_155gate_57layers-16x16,gaussian,,coarse,1.55,0.56,1.55,0.56,0.74,1,,,cube,right_row,5,0.7,congestion,smart_t_routing,true,23,false,success,0,0.039132,,
366,2026-05-14,2026-05-14 16:03:48,53qubits_155gate_57layers,12,12,53qubits_155gate_57layers-12x12,gaussian,,coarse,1.55,0.56,1.55,0.56,0.74,1,,,connectivity,right_row,5,0.7,congestion,smart_t_routing,false,23,false,success,0,0.059337,,
369,2026-05-14,2026-05-14 16:03:48,qpe_n9_transpiled,7,7,qpe_n9_transpiled-7x7,gaussian,,coarse,1.55,0.56,1.55,0.56,0.74,1,,,connectivity,right_row,5,0.7,boost,smart_t_routing,true,42,false,success,0,0.012141,,
368,2026-05-14,2026-05-14 16:03:48,53qubits_155gate_57layers,16,16,53qubits_155gate_57layers-16x16,gaussian,,coarse,1.55,0.56,1.55,0.56,0.74,1,,,cube,right_row,5,0.7,congestion,smart_t_routing,false,23,false,success,0,0.040893,,
370,2026-05-14,2026-05-14 16:03:48,qpe_n9_transpiled,7,7,qpe_n9_transpiled-7x7,gaussian,,coarse,1.55,0.56,1.55,0.56,0.74,1,,,connectivity,right_row,5,0.7,boost,smart_t_routing,false,42,false,success,0,0.010492,,
372,2026-05-14,2026-05-14 16:03:48,qpe_n9_transpiled,10,10,qpe_n9_transpiled-10x10,gaussian,,coarse,1.55,0.56,1.55,0.56,0.74,1,,,cube,right_row,5,0.7,boost,smart_t_routing,false,42,false,success,0,0.011226,,
373,2026-05-14,2026-05-14 16:03:48,qpe_n9_transpiled,7,7,qpe_n9_transpiled-7x7,gaussian,,coarse,1.55,0.56,1.55,0.56,0.74,1,,,connectivity,right_row,5,0.7,congestion,smart_t_routing,true,42,false,success,0,0.014068,,
371,2026-05-14,2026-05-14 16:03:48,qpe_n9_transpiled,10,10,qpe_n9_transpiled-10x10,gaussian,,coarse,1.55,0.56,1.55,0.56,0.74,1,,,cube,right_row,5,0.7,boost,smart_t_routing,true,42,false,success,0,0.011347,,
374,2026-05-14,2026-05-14 16:03:48,qpe_n9_transpiled,7,7,qpe_n9_transpiled-7x7,gaussian,,coarse,1.55,0.56,1.55,0.56,0.74,1,,,connectivity,right_row,5,0.7,congestion,smart_t_routing,false,42,false,success,0,0.010000,,
375,2026-05-14,2026-05-14 16:03:48,qpe_n9_transpiled,10,10,qpe_n9_transpiled-10x10,gaussian,,coarse,1.55,0.56,1.55,0.56,0.74,1,,,cube,right_row,5,0.7,congestion,smart_t_routing,true,42,false,success,0,0.013109,,
376,2026-05-14,2026-05-14 16:03:48,qpe_n9_transpiled,10,10,qpe_n9_transpiled-10x10,gaussian,,coarse,1.55,0.56,1.55,0.56,0.74,1,,,cube,right_row,5,0.7,congestion,smart_t_routing,false,42,false,success,0,0.015358,,
378,2026-05-14,2026-05-14 16:03:48,qec_en_n5,,,,gaussian,,coarse,1.55,0.56,1.55,0.56,0.74,1,,,connectivity,right_row,5,0.7,boost,smart_t_routing,false,,false,failed,1,0.008307,,Execution failed with exit code 1: RRR routing made no progress at layer 1.
377,2026-05-14,2026-05-14 16:03:48,qec_en_n5,,,,gaussian,,coarse,1.55,0.56,1.55,0.56,0.74,1,,,connectivity,right_row,5,0.7,boost,smart_t_routing,true,,false,failed,1,0.010120,,Execution failed with exit code 1: RRR routing made no progress at layer 1.
379,2026-05-14,2026-05-14 16:03:48,qec_en_n5,,,,gaussian,,coarse,1.55,0.56,1.55,0.56,0.74,1,,,cube,right_row,5,0.7,boost,smart_t_routing,true,,false,failed,1,0.007831,,Execution failed with exit code 1: RRR routing made no progress at layer 1.
381,2026-05-14,2026-05-14 16:03:48,qec_en_n5,5,5,qec_en_n5-5x5,gaussian,,coarse,1.55,0.56,1.55,0.56,0.74,1,,,connectivity,right_row,5,0.7,congestion,smart_t_routing,true,11,false,success,0,0.009339,,
382,2026-05-14,2026-05-14 16:03:48,qec_en_n5,5,5,qec_en_n5-5x5,gaussian,,coarse,1.55,0.56,1.55,0.56,0.74,1,,,connectivity,right_row,5,0.7,congestion,smart_t_routing,false,11,false,success,0,0.008684,,
383,2026-05-14,2026-05-14 16:03:48,qec_en_n5,9,9,qec_en_n5-9x9,gaussian,,coarse,1.55,0.56,1.55,0.56,0.74,1,,,cube,right_row,5,0.7,congestion,smart_t_routing,true,11,false,success,0,0.009133,,
380,2026-05-14,2026-05-14 16:03:48,qec_en_n5,,,,gaussian,,coarse,1.55,0.56,1.55,0.56,0.74,1,,,cube,right_row,5,0.7,boost,smart_t_routing,false,,false,failed,1,0.008347,,Execution failed with exit code 1: RRR routing made no progress at layer 1.
385,2026-05-14,2026-05-14 16:03:48,fredkin_n3,,,,gaussian,,coarse,1.55,0.56,1.55,0.56,0.74,1,,,connectivity,right_row,5,0.7,boost,smart_t_routing,true,,false,failed,1,0.007350,,Execution failed with exit code 1: RRR routing made no progress at layer 3.
384,2026-05-14,2026-05-14 16:03:48,qec_en_n5,9,9,qec_en_n5-9x9,gaussian,,coarse,1.55,0.56,1.55,0.56,0.74,1,,,cube,right_row,5,0.7,congestion,smart_t_routing,false,11,false,success,0,0.010184,,
386,2026-05-14,2026-05-14 16:03:48,fredkin_n3,,,,gaussian,,coarse,1.55,0.56,1.55,0.56,0.74,1,,,connectivity,right_row,5,0.7,boost,smart_t_routing,false,,false,failed,1,0.008277,,Execution failed with exit code 1: RRR routing made no progress at layer 3.
388,2026-05-14,2026-05-14 16:03:48,fredkin_n3,,,,gaussian,,coarse,1.55,0.56,1.55,0.56,0.74,1,,,cube,right_row,5,0.7,boost,smart_t_routing,false,,false,failed,1,0.009928,,Execution failed with exit code 1: RRR routing made no progress at layer 3.
387,2026-05-14,2026-05-14 16:03:48,fredkin_n3,,,,gaussian,,coarse,1.55,0.56,1.55,0.56,0.74,1,,,cube,right_row,5,0.7,boost,smart_t_routing,true,,false,failed,1,0.008404,,Execution failed with exit code 1: RRR routing made no progress at layer 3.
390,2026-05-14,2026-05-14 16:03:48,fredkin_n3,4,4,fredkin_n3-4x4,gaussian,,coarse,1.55,0.56,1.55,0.56,0.74,1,,,connectivity,right_row,5,0.7,congestion,smart_t_routing,false,10,false,success,0,0.007752,,
389,2026-05-14,2026-05-14 16:03:48,fredkin_n3,4,4,fredkin_n3-4x4,gaussian,,coarse,1.55,0.56,1.55,0.56,0.74,1,,,connectivity,right_row,5,0.7,congestion,smart_t_routing,true,10,false,success,0,0.009286,,
391,2026-05-14,2026-05-14 16:03:48,fredkin_n3,7,7,fredkin_n3-7x7,gaussian,,coarse,1.55,0.56,1.55,0.56,0.74,1,,,cube,right_row,5,0.7,congestion,smart_t_routing,true,10,false,success,0,0.010781,,
392,2026-05-14,2026-05-14 16:03:48,fredkin_n3,7,7,fredkin_n3-7x7,gaussian,,coarse,1.55,0.56,1.55,0.56,0.74,1,,,cube,right_row,5,0.7,congestion,smart_t_routing,false,10,false,success,0,0.014488,,
393,2026-05-14,2026-05-14 16:03:48,ising_n26,12,12,ising_n26-12x12,gaussian,,coarse,1.55,0.56,1.55,0.56,0.74,1,,,connectivity,right_row,5,0.7,boost,smart_t_routing,true,4,false,success,0,0.018742,,
394,2026-05-14,2026-05-14 16:03:48,ising_n26,12,12,ising_n26-12x12,gaussian,,coarse,1.55,0.56,1.55,0.56,0.74,1,,,connectivity,right_row,5,0.7,boost,smart_t_routing,false,4,false,success,0,0.017478,,
395,2026-05-14,2026-05-14 16:03:48,ising_n26,15,15,ising_n26-15x15,gaussian,,coarse,1.55,0.56,1.55,0.56,0.74,1,,,cube,right_row,5,0.7,boost,smart_t_routing,true,4,false,success,0,0.015452,,
396,2026-05-14,2026-05-14 16:03:48,ising_n26,15,15,ising_n26-15x15,gaussian,,coarse,1.55,0.56,1.55,0.56,0.74,1,,,cube,right_row,5,0.7,boost,smart_t_routing,false,4,false,success,0,0.018178,,
397,2026-05-14,2026-05-14 16:03:48,ising_n26,12,12,ising_n26-12x12,gaussian,,coarse,1.55,0.56,1.55,0.56,0.74,1,,,connectivity,right_row,5,0.7,congestion,smart_t_routing,true,4,false,success,0,0.023214,,
398,2026-05-14,2026-05-14 16:03:48,ising_n26,12,12,ising_n26-12x12,gaussian,,coarse,1.55,0.56,1.55,0.56,0.74,1,,,connectivity,right_row,5,0.7,congestion,smart_t_routing,false,4,false,success,0,0.021868,,
399,2026-05-14,2026-05-14 16:03:48,ising_n26,15,15,ising_n26-15x15,gaussian,,coarse,1.55,0.56,1.55,0.56,0.74,1,,,cube,right_row,5,0.7,congestion,smart_t_routing,true,4,false,success,0,0.029932,,
400,2026-05-14,2026-05-14 16:03:48,ising_n26,15,15,ising_n26-15x15,gaussian,,coarse,1.55,0.56,1.55,0.56,0.74,1,,,cube,right_row,5,0.7,congestion,smart_t_routing,false,4,false,success,0,0.029789,,
403,2026-05-14,2026-05-14 16:03:48,qft_20,14,14,qft_20-14x14,gaussian,,coarse,1.55,0.56,1.55,0.56,0.74,1,,,cube,right_row,5,0.7,boost,smart_t_routing,true,104,false,success,0,0.039844,,
404,2026-05-14,2026-05-14 16:03:48,qft_20,14,14,qft_20-14x14,gaussian,,coarse,1.55,0.56,1.55,0.56,0.74,1,,,cube,right_row,5,0.7,boost,smart_t_routing,false,104,false,success,0,0.038057,,
401,2026-05-14,2026-05-14 16:03:48,qft_20,10,10,qft_20-10x10,gaussian,,coarse,1.55,0.56,1.55,0.56,0.74,1,,,connectivity,right_row,5,0.7,boost,smart_t_routing,true,211,false,success,0,0.181343,,
402,2026-05-14,2026-05-14 16:03:48,qft_20,10,10,qft_20-10x10,gaussian,,coarse,1.55,0.56,1.55,0.56,0.74,1,,,connectivity,right_row,5,0.7,boost,smart_t_routing,false,211,false,success,0,0.182107,,
405,2026-05-14,2026-05-14 16:03:48,qft_20,,,,gaussian,,coarse,1.55,0.56,1.55,0.56,0.74,1,,,connectivity,right_row,5,0.7,congestion,smart_t_routing,true,,false,failed,1,0.163407,,Execution failed with exit code 1: Routing made no progress at layer 118: no routeable gate found with current constraints.
407,2026-05-14,2026-05-14 16:03:49,qft_20,14,14,qft_20-14x14,gaussian,,coarse,1.55,0.56,1.55,0.56,0.74,1,,,cube,right_row,5,0.7,congestion,smart_t_routing,true,94,false,success,0,0.045350,,
406,2026-05-14,2026-05-14 16:03:48,qft_20,10,10,qft_20-10x10,gaussian,,coarse,1.55,0.56,1.55,0.56,0.74,1,,,connectivity,right_row,5,0.7,congestion,smart_t_routing,false,207,false,success,0,0.165496,,
408,2026-05-14,2026-05-14 16:03:49,qft_20,14,14,qft_20-14x14,gaussian,,coarse,1.55,0.56,1.55,0.56,0.74,1,,,cube,right_row,5,0.7,congestion,smart_t_routing,false,94,false,success,0,0.045811,,
411,2026-05-14,2026-05-14 16:03:49,qft_n18,13,13,qft_n18-13x13,gaussian,,coarse,1.55,0.56,1.55,0.56,0.74,1,,,cube,right_row,5,0.7,boost,smart_t_routing,true,90,false,success,0,0.027060,,
412,2026-05-14,2026-05-14 16:03:49,qft_n18,13,13,qft_n18-13x13,gaussian,,coarse,1.55,0.56,1.55,0.56,0.74,1,,,cube,right_row,5,0.7,boost,smart_t_routing,false,90,false,success,0,0.026540,,
409,2026-05-14,2026-05-14 16:03:49,qft_n18,10,10,qft_n18-10x10,gaussian,,coarse,1.55,0.56,1.55,0.56,0.74,1,,,connectivity,right_row,5,0.7,boost,smart_t_routing,true,183,false,success,0,0.131204,,
410,2026-05-14,2026-05-14 16:03:49,qft_n18,10,10,qft_n18-10x10,gaussian,,coarse,1.55,0.56,1.55,0.56,0.74,1,,,connectivity,right_row,5,0.7,boost,smart_t_routing,false,183,false,success,0,0.135844,,
413,2026-05-14,2026-05-14 16:03:49,qft_n18,10,10,qft_n18-10x10,gaussian,,coarse,1.55,0.56,1.55,0.56,0.74,1,,,connectivity,right_row,5,0.7,congestion,smart_t_routing,true,175,false,success,0,0.117140,,
415,2026-05-14,2026-05-14 16:03:49,qft_n18,13,13,qft_n18-13x13,gaussian,,coarse,1.55,0.56,1.55,0.56,0.74,1,,,cube,right_row,5,0.7,congestion,smart_t_routing,true,83,false,success,0,0.031397,,
414,2026-05-14,2026-05-14 16:03:49,qft_n18,10,10,qft_n18-10x10,gaussian,,coarse,1.55,0.56,1.55,0.56,0.74,1,,,connectivity,right_row,5,0.7,congestion,smart_t_routing,false,175,false,success,0,0.120061,,
417,2026-05-14,2026-05-14 16:03:49,qram_n20,7,7,qram_n20-7x7,gaussian,,coarse,1.55,0.56,1.55,0.56,0.74,1,,,connectivity,right_row,5,0.7,boost,smart_t_routing,true,8,false,success,0,0.011237,,
416,2026-05-14,2026-05-14 16:03:49,qft_n18,13,13,qft_n18-13x13,gaussian,,coarse,1.55,0.56,1.55,0.56,0.74,1,,,cube,right_row,5,0.7,congestion,smart_t_routing,false,83,false,success,0,0.032007,,
419,2026-05-14,2026-05-14 16:03:49,qram_n20,10,10,qram_n20-10x10,gaussian,,coarse,1.55,0.56,1.55,0.56,0.74,1,,,cube,right_row,5,0.7,boost,smart_t_routing,true,8,false,success,0,0.010941,,
418,2026-05-14,2026-05-14 16:03:49,qram_n20,7,7,qram_n20-7x7,gaussian,,coarse,1.55,0.56,1.55,0.56,0.74,1,,,connectivity,right_row,5,0.7,boost,smart_t_routing,false,8,false,success,0,0.017363,,
420,2026-05-14,2026-05-14 16:03:49,qram_n20,10,10,qram_n20-10x10,gaussian,,coarse,1.55,0.56,1.55,0.56,0.74,1,,,cube,right_row,5,0.7,boost,smart_t_routing,false,8,false,success,0,0.013130,,
421,2026-05-14,2026-05-14 16:03:49,qram_n20,7,7,qram_n20-7x7,gaussian,,coarse,1.55,0.56,1.55,0.56,0.74,1,,,connectivity,right_row,5,0.7,congestion,smart_t_routing,true,8,false,success,0,0.010839,,
422,2026-05-14,2026-05-14 16:03:49,qram_n20,7,7,qram_n20-7x7,gaussian,,coarse,1.55,0.56,1.55,0.56,0.74,1,,,connectivity,right_row,5,0.7,congestion,smart_t_routing,false,8,false,success,0,0.014096,,
423,2026-05-14,2026-05-14 16:03:49,qram_n20,10,10,qram_n20-10x10,gaussian,,coarse,1.55,0.56,1.55,0.56,0.74,1,,,cube,right_row,5,0.7,congestion,smart_t_routing,true,8,false,success,0,0.016956,,
424,2026-05-14,2026-05-14 16:03:49,qram_n20,10,10,qram_n20-10x10,gaussian,,coarse,1.55,0.56,1.55,0.56,0.74,1,,,cube,right_row,5,0.7,congestion,smart_t_routing,false,8,false,success,0,0.015990,,
427,2026-05-14,2026-05-14 16:03:49,19qubits_521gate_352layers,14,14,19qubits_521gate_352layers-14x14,gaussian,,coarse,1.55,0.56,1.55,0.56,0.74,1,,,cube,right_row,5,0.7,boost,smart_t_routing,true,286,false,success,0,0.023992,,
428,2026-05-14,2026-05-14 16:03:49,19qubits_521gate_352layers,14,14,19qubits_521gate_352layers-14x14,gaussian,,coarse,1.55,0.56,1.55,0.56,0.74,1,,,cube,right_row,5,0.7,boost,smart_t_routing,false,286,false,success,0,0.027894,,
426,2026-05-14,2026-05-14 16:03:49,19qubits_521gate_352layers,10,10,19qubits_521gate_352layers-10x10,gaussian,,coarse,1.55,0.56,1.55,0.56,0.74,1,,,connectivity,right_row,5,0.7,boost,smart_t_routing,false,295,false,success,0,0.079704,,
425,2026-05-14,2026-05-14 16:03:49,19qubits_521gate_352layers,10,10,19qubits_521gate_352layers-10x10,gaussian,,coarse,1.55,0.56,1.55,0.56,0.74,1,,,connectivity,right_row,5,0.7,boost,smart_t_routing,true,295,false,success,0,0.086224,,
431,2026-05-14,2026-05-14 16:03:49,19qubits_521gate_352layers,14,14,19qubits_521gate_352layers-14x14,gaussian,,coarse,1.55,0.56,1.55,0.56,0.74,1,,,cube,right_row,5,0.7,congestion,smart_t_routing,true,286,false,success,0,0.044188,,
432,2026-05-14,2026-05-14 16:03:49,19qubits_521gate_352layers,14,14,19qubits_521gate_352layers-14x14,gaussian,,coarse,1.55,0.56,1.55,0.56,0.74,1,,,cube,right_row,5,0.7,congestion,smart_t_routing,false,286,false,success,0,0.044104,,
429,2026-05-14,2026-05-14 16:03:49,19qubits_521gate_352layers,10,10,19qubits_521gate_352layers-10x10,gaussian,,coarse,1.55,0.56,1.55,0.56,0.74,1,,,connectivity,right_row,5,0.7,congestion,smart_t_routing,true,295,false,success,0,0.100599,,
430,2026-05-14,2026-05-14 16:03:49,19qubits_521gate_352layers,10,10,19qubits_521gate_352layers-10x10,gaussian,,coarse,1.55,0.56,1.55,0.56,0.74,1,,,connectivity,right_row,5,0.7,congestion,smart_t_routing,false,295,false,success,0,0.087207,,
231,2026-05-14,2026-05-14 16:03:44,bwt_n21,14,14,bwt_n21-14x14,gaussian,,coarse,1.55,0.56,1.55,0.56,0.74,1,,,cube,right_row,5,0.7,congestion,smart_t_routing,true,116400,false,success,0,6.883696,,
232,2026-05-14,2026-05-14 16:03:44,bwt_n21,14,14,bwt_n21-14x14,gaussian,,coarse,1.55,0.56,1.55,0.56,0.74,1,,,cube,right_row,5,0.7,congestion,smart_t_routing,false,116400,false,success,0,9.576714,,
9,2026-05-14,2026-05-14 16:03:35,bwt_n21,10,10,bwt_n21-10x10,gaussian,,coarse,1.55,0.56,1.55,0.56,0.74,1,,,connectivity,center_circle,5,0.7,boost,smart_t_routing,true,126000,false,success,0,25.236739,,
10,2026-05-14,2026-05-14 16:03:35,bwt_n21,10,10,bwt_n21-10x10,gaussian,,coarse,1.55,0.56,1.55,0.56,0.74,1,,,connectivity,center_circle,5,0.7,boost,smart_t_routing,false,126000,false,success,0,25.436619,,
13,2026-05-14,2026-05-14 16:03:35,bwt_n21,10,10,bwt_n21-10x10,gaussian,,coarse,1.55,0.56,1.55,0.56,0.74,1,,,connectivity,center_circle,5,0.7,congestion,smart_t_routing,true,126000,false,success,0,26.205475,,
14,2026-05-14,2026-05-14 16:03:35,bwt_n21,10,10,bwt_n21-10x10,gaussian,,coarse,1.55,0.56,1.55,0.56,0.74,1,,,connectivity,center_circle,5,0.7,congestion,smart_t_routing,false,126000,false,success,0,27.136704,,
225,2026-05-14,2026-05-14 16:03:42,bwt_n21,10,10,bwt_n21-10x10,gaussian,,coarse,1.55,0.56,1.55,0.56,0.74,1,,,connectivity,right_row,5,0.7,boost,smart_t_routing,true,123400,false,success,0,23.266314,,
226,2026-05-14,2026-05-14 16:03:42,bwt_n21,10,10,bwt_n21-10x10,gaussian,,coarse,1.55,0.56,1.55,0.56,0.74,1,,,connectivity,right_row,5,0.7,boost,smart_t_routing,false,123400,false,success,0,23.492042,,
229,2026-05-14,2026-05-14 16:03:43,bwt_n21,10,10,bwt_n21-10x10,gaussian,,coarse,1.55,0.56,1.55,0.56,0.74,1,,,connectivity,right_row,5,0.7,congestion,smart_t_routing,true,123400,false,success,0,23.427658,,
230,2026-05-14,2026-05-14 16:03:44,bwt_n21,10,10,bwt_n21-10x10,gaussian,,coarse,1.55,0.56,1.55,0.56,0.74,1,,,connectivity,right_row,5,0.7,congestion,smart_t_routing,false,123400,false,success,0,23.467215,,
