id,run_date,run_datetime,circuit,graph_x,graph_y,circuit_graph_label,mapping_type,magic_aware_strategy,gaussian_strategy,magic_high,magic_low,cnot_high,cnot_low,mapped_gaussian_weight,base_gaussian_weight,size_moltiplier,gaussian_confidence,safe_passage_strategy,magic_state_placement_strategy,border_distance_percentage,number_of_magic_states,routing_strategy,t_routing_mode,routing_steps,timeout_reached,status,exit_code,duration_seconds,log_file,error_excerpt
1,2026-05-04,2026-05-04 15:17:51,qft_20,14,14,qft_20-14x14,gaussian,,coarse,1.5,0.5,1.5,0.5,0.8,1,,,cube,center_circle,0,0.7,naive,normal_t_routing,103,false,success,0,0.195245,/home/federico/Desktop/Fault-Tolerant-Quantum-Compiler/benchmarks/logs/run_1_1.log,
9,2026-05-04,2026-05-04 15:17:52,qft_20,14,14,qft_20-14x14,gaussian,,coarse,1.5,0.5,1.5,0.5,0.8,1,,,cube,center_circle,0,0.7,congestion,normal_t_routing,98,false,success,0,0.328942,/home/federico/Desktop/Fault-Tolerant-Quantum-Compiler/benchmarks/logs/run_3_9.log,
5,2026-05-04,2026-05-04 15:17:51,qft_20,10,10,qft_20-10x10,gaussian,,coarse,1.5,0.5,1.5,0.5,0.8,1,,,connectivity,center_circle,0,0.7,naive,normal_t_routing,240,false,success,0,1.547304,/home/federico/Desktop/Fault-Tolerant-Quantum-Compiler/benchmarks/logs/run_2_5.log,
13,2026-05-04,2026-05-04 15:17:53,qft_20,10,10,qft_20-10x10,gaussian,,coarse,1.5,0.5,1.5,0.5,0.8,1,,,connectivity,center_circle,0,0.7,congestion,normal_t_routing,272,false,success,0,1.558694,/home/federico/Desktop/Fault-Tolerant-Quantum-Compiler/benchmarks/logs/run_4_13.log,
25,2026-05-04,2026-05-04 15:17:55,qft_20,15,15,qft_20-15x15,gaussian,,coarse,1.5,0.5,1.5,0.5,0.8,1,,,cube,center_circle,0,0.9,naive,normal_t_routing,93,false,success,0,0.207826,/home/federico/Desktop/Fault-Tolerant-Quantum-Compiler/benchmarks/logs/run_7_25.log,
33,2026-05-04,2026-05-04 15:17:56,qft_20,15,15,qft_20-15x15,gaussian,,coarse,1.5,0.5,1.5,0.5,0.8,1,,,cube,center_circle,0,0.9,congestion,normal_t_routing,98,false,success,0,0.395747,/home/federico/Desktop/Fault-Tolerant-Quantum-Compiler/benchmarks/logs/run_9_33.log,
29,2026-05-04,2026-05-04 15:17:55,qft_20,10,10,qft_20-10x10,gaussian,,coarse,1.5,0.5,1.5,0.5,0.8,1,,,connectivity,center_circle,0,0.9,naive,normal_t_routing,240,false,success,0,1.583031,/home/federico/Desktop/Fault-Tolerant-Quantum-Compiler/benchmarks/logs/run_8_29.log,
37,2026-05-04,2026-05-04 15:17:57,qft_20,10,10,qft_20-10x10,gaussian,,coarse,1.5,0.5,1.5,0.5,0.8,1,,,connectivity,center_circle,0,0.9,congestion,normal_t_routing,272,false,success,0,1.514897,/home/federico/Desktop/Fault-Tolerant-Quantum-Compiler/benchmarks/logs/run_10_37.log,
49,2026-05-04,2026-05-04 15:17:58,dnn_n16,13,13,dnn_n16-13x13,gaussian,,coarse,1.5,0.5,1.5,0.5,0.8,1,,,cube,center_circle,0,0.7,naive,normal_t_routing,64,false,success,0,0.134364,/home/federico/Desktop/Fault-Tolerant-Quantum-Compiler/benchmarks/logs/run_13_49.log,
53,2026-05-04,2026-05-04 15:17:59,dnn_n16,9,9,dnn_n16-9x9,gaussian,,coarse,1.5,0.5,1.5,0.5,0.8,1,,,connectivity,center_circle,0,0.7,naive,normal_t_routing,48,false,success,0,0.204964,/home/federico/Desktop/Fault-Tolerant-Quantum-Compiler/benchmarks/logs/run_14_53.log,
57,2026-05-04,2026-05-04 15:17:59,dnn_n16,13,13,dnn_n16-13x13,gaussian,,coarse,1.5,0.5,1.5,0.5,0.8,1,,,cube,center_circle,0,0.7,congestion,normal_t_routing,65,false,success,0,0.210636,/home/federico/Desktop/Fault-Tolerant-Quantum-Compiler/benchmarks/logs/run_15_57.log,
61,2026-05-04,2026-05-04 15:18:00,dnn_n16,9,9,dnn_n16-9x9,gaussian,,coarse,1.5,0.5,1.5,0.5,0.8,1,,,connectivity,center_circle,0,0.7,congestion,normal_t_routing,48,false,success,0,0.228572,/home/federico/Desktop/Fault-Tolerant-Quantum-Compiler/benchmarks/logs/run_16_61.log,
73,2026-05-04,2026-05-04 15:18:02,dnn_n16,13,13,dnn_n16-13x13,gaussian,,coarse,1.5,0.5,1.5,0.5,0.8,1,,,cube,center_circle,0,0.9,naive,normal_t_routing,48,false,success,0,0.117637,/home/federico/Desktop/Fault-Tolerant-Quantum-Compiler/benchmarks/logs/run_19_73.log,
77,2026-05-04,2026-05-04 15:18:02,dnn_n16,9,9,dnn_n16-9x9,gaussian,,coarse,1.5,0.5,1.5,0.5,0.8,1,,,connectivity,center_circle,0,0.9,naive,normal_t_routing,48,false,success,0,0.201206,/home/federico/Desktop/Fault-Tolerant-Quantum-Compiler/benchmarks/logs/run_20_77.log,
81,2026-05-04,2026-05-04 15:18:03,dnn_n16,13,13,dnn_n16-13x13,gaussian,,coarse,1.5,0.5,1.5,0.5,0.8,1,,,cube,center_circle,0,0.9,congestion,normal_t_routing,48,false,success,0,0.208422,/home/federico/Desktop/Fault-Tolerant-Quantum-Compiler/benchmarks/logs/run_21_81.log,
85,2026-05-04,2026-05-04 15:18:03,dnn_n16,9,9,dnn_n16-9x9,gaussian,,coarse,1.5,0.5,1.5,0.5,0.8,1,,,connectivity,center_circle,0,0.9,congestion,normal_t_routing,48,false,success,0,0.214831,/home/federico/Desktop/Fault-Tolerant-Quantum-Compiler/benchmarks/logs/run_22_85.log,
97,2026-05-04,2026-05-04 15:18:05,adder_n64_transpiled,23,23,adder_n64_transpiled-23x23,gaussian,,coarse,1.5,0.5,1.5,0.5,0.8,1,,,cube,center_circle,0,0.7,naive,normal_t_routing,181,false,success,0,1.474930,/home/federico/Desktop/Fault-Tolerant-Quantum-Compiler/benchmarks/logs/run_25_97.log,
105,2026-05-04,2026-05-04 15:18:07,adder_n64_transpiled,23,23,adder_n64_transpiled-23x23,gaussian,,coarse,1.5,0.5,1.5,0.5,0.8,1,,,cube,center_circle,0,0.7,congestion,normal_t_routing,181,false,success,0,2.779542,/home/federico/Desktop/Fault-Tolerant-Quantum-Compiler/benchmarks/logs/run_27_105.log,
101,2026-05-04,2026-05-04 15:18:06,adder_n64_transpiled,17,17,adder_n64_transpiled-17x17,gaussian,,coarse,1.5,0.5,1.5,0.5,0.8,1,,,connectivity,center_circle,0,0.7,naive,normal_t_routing,216,false,success,0,8.049847,/home/federico/Desktop/Fault-Tolerant-Quantum-Compiler/benchmarks/logs/run_26_101.log,
109,2026-05-04,2026-05-04 15:18:10,adder_n64_transpiled,17,17,adder_n64_transpiled-17x17,gaussian,,coarse,1.5,0.5,1.5,0.5,0.8,1,,,connectivity,center_circle,0,0.7,congestion,normal_t_routing,213,false,success,0,6.802794,/home/federico/Desktop/Fault-Tolerant-Quantum-Compiler/benchmarks/logs/run_28_109.log,
121,2026-05-04,2026-05-04 15:18:15,adder_n64_transpiled,24,24,adder_n64_transpiled-24x24,gaussian,,coarse,1.5,0.5,1.5,0.5,0.8,1,,,cube,center_circle,0,0.9,naive,normal_t_routing,183,false,success,0,1.911326,/home/federico/Desktop/Fault-Tolerant-Quantum-Compiler/benchmarks/logs/run_31_121.log,
129,2026-05-04,2026-05-04 15:18:18,adder_n64_transpiled,24,24,adder_n64_transpiled-24x24,gaussian,,coarse,1.5,0.5,1.5,0.5,0.8,1,,,cube,center_circle,0,0.9,congestion,normal_t_routing,181,false,success,0,3.736184,/home/federico/Desktop/Fault-Tolerant-Quantum-Compiler/benchmarks/logs/run_33_129.log,
125,2026-05-04,2026-05-04 15:18:18,adder_n64_transpiled,18,18,adder_n64_transpiled-18x18,gaussian,,coarse,1.5,0.5,1.5,0.5,0.8,1,,,connectivity,center_circle,0,0.9,naive,normal_t_routing,213,false,success,0,8.693837,/home/federico/Desktop/Fault-Tolerant-Quantum-Compiler/benchmarks/logs/run_32_125.log,
133,2026-05-04,2026-05-04 15:18:22,adder_n64_transpiled,18,18,adder_n64_transpiled-18x18,gaussian,,coarse,1.5,0.5,1.5,0.5,0.8,1,,,connectivity,center_circle,0,0.9,congestion,normal_t_routing,209,false,success,0,6.469003,/home/federico/Desktop/Fault-Tolerant-Quantum-Compiler/benchmarks/logs/run_34_133.log,
145,2026-05-04,2026-05-04 15:18:28,cat_n130,31,31,cat_n130-31x31,gaussian,,coarse,1.5,0.5,1.5,0.5,0.8,1,,,cube,center_circle,0,0.7,naive,normal_t_routing,129,false,success,0,7.957501,/home/federico/Desktop/Fault-Tolerant-Quantum-Compiler/benchmarks/logs/run_37_145.log,
153,2026-05-04,2026-05-04 15:18:37,cat_n130,31,31,cat_n130-31x31,gaussian,,coarse,1.5,0.5,1.5,0.5,0.8,1,,,cube,center_circle,0,0.7,congestion,normal_t_routing,129,false,success,0,21.298170,/home/federico/Desktop/Fault-Tolerant-Quantum-Compiler/benchmarks/logs/run_39_153.log,
149,2026-05-04,2026-05-04 15:18:29,cat_n130,25,25,cat_n130-25x25,gaussian,,coarse,1.5,0.5,1.5,0.5,0.8,1,,,connectivity,center_circle,0,0.7,naive,normal_t_routing,129,false,success,0,51.394351,/home/federico/Desktop/Fault-Tolerant-Quantum-Compiler/benchmarks/logs/run_38_149.log,
157,2026-05-04,2026-05-04 15:18:58,cat_n130,25,25,cat_n130-25x25,gaussian,,coarse,1.5,0.5,1.5,0.5,0.8,1,,,connectivity,center_circle,0,0.7,congestion,normal_t_routing,129,false,success,0,28.052421,/home/federico/Desktop/Fault-Tolerant-Quantum-Compiler/benchmarks/logs/run_40_157.log,
169,2026-05-04,2026-05-04 15:19:23,cat_n130,32,32,cat_n130-32x32,gaussian,,coarse,1.5,0.5,1.5,0.5,0.8,1,,,cube,center_circle,0,0.9,naive,normal_t_routing,129,false,success,0,10.460724,/home/federico/Desktop/Fault-Tolerant-Quantum-Compiler/benchmarks/logs/run_43_169.log,
177,2026-05-04,2026-05-04 15:19:34,cat_n130,32,32,cat_n130-32x32,gaussian,,coarse,1.5,0.5,1.5,0.5,0.8,1,,,cube,center_circle,0,0.9,congestion,normal_t_routing,129,false,success,0,29.249556,/home/federico/Desktop/Fault-Tolerant-Quantum-Compiler/benchmarks/logs/run_45_177.log,
173,2026-05-04,2026-05-04 15:19:27,cat_n130,26,26,cat_n130-26x26,gaussian,,coarse,1.5,0.5,1.5,0.5,0.8,1,,,connectivity,center_circle,0,0.9,naive,normal_t_routing,129,false,success,0,57.526248,/home/federico/Desktop/Fault-Tolerant-Quantum-Compiler/benchmarks/logs/run_44_173.log,
181,2026-05-04,2026-05-04 15:20:03,cat_n130,26,26,cat_n130-26x26,gaussian,,coarse,1.5,0.5,1.5,0.5,0.8,1,,,connectivity,center_circle,0,0.9,congestion,normal_t_routing,129,false,success,0,27.316977,/home/federico/Desktop/Fault-Tolerant-Quantum-Compiler/benchmarks/logs/run_46_181.log,
193,2026-05-04,2026-05-04 15:20:26,ghz_n255,42,42,ghz_n255-42x42,gaussian,,coarse,1.5,0.5,1.5,0.5,0.8,1,,,cube,center_circle,0,0.7,naive,normal_t_routing,254,false,success,0,56.755074,/home/federico/Desktop/Fault-Tolerant-Quantum-Compiler/benchmarks/logs/run_49_193.log,
201,2026-05-04,2026-05-04 15:21:24,ghz_n255,42,42,ghz_n255-42x42,gaussian,,coarse,1.5,0.5,1.5,0.5,0.8,1,,,cube,center_circle,0,0.7,congestion,normal_t_routing,254,false,success,0,136.878850,/home/federico/Desktop/Fault-Tolerant-Quantum-Compiler/benchmarks/logs/run_51_201.log,
197,2026-05-04,2026-05-04 15:20:31,ghz_n255,35,35,ghz_n255-35x35,gaussian,,coarse,1.5,0.5,1.5,0.5,0.8,1,,,connectivity,center_circle,0,0.7,naive,normal_t_routing,254,false,success,0,422.868282,/home/federico/Desktop/Fault-Tolerant-Quantum-Compiler/benchmarks/logs/run_50_197.log,
205,2026-05-04,2026-05-04 15:23:41,ghz_n255,35,35,ghz_n255-35x35,gaussian,,coarse,1.5,0.5,1.5,0.5,0.8,1,,,connectivity,center_circle,0,0.7,congestion,normal_t_routing,254,false,success,0,252.232020,/home/federico/Desktop/Fault-Tolerant-Quantum-Compiler/benchmarks/logs/run_52_205.log,
217,2026-05-04,2026-05-04 15:27:36,ghz_n255,44,44,ghz_n255-44x44,gaussian,,coarse,1.5,0.5,1.5,0.5,0.8,1,,,cube,center_circle,0,0.9,naive,normal_t_routing,254,false,success,0,64.842715,/home/federico/Desktop/Fault-Tolerant-Quantum-Compiler/benchmarks/logs/run_55_217.log,
225,2026-05-04,2026-05-04 15:28:41,ghz_n255,44,44,ghz_n255-44x44,gaussian,,coarse,1.5,0.5,1.5,0.5,0.8,1,,,cube,center_circle,0,0.9,congestion,normal_t_routing,254,false,success,0,164.557577,/home/federico/Desktop/Fault-Tolerant-Quantum-Compiler/benchmarks/logs/run_57_225.log,
221,2026-05-04,2026-05-04 15:27:54,ghz_n255,37,37,ghz_n255-37x37,gaussian,,coarse,1.5,0.5,1.5,0.5,0.8,1,,,connectivity,center_circle,0,0.9,naive,normal_t_routing,254,false,success,0,476.808193,/home/federico/Desktop/Fault-Tolerant-Quantum-Compiler/benchmarks/logs/run_56_221.log,
241,2026-05-04,2026-05-04 15:35:52,qaoa_n6_transpiled,9,9,qaoa_n6_transpiled-9x9,gaussian,,coarse,1.5,0.5,1.5,0.5,0.8,1,,,cube,center_circle,0,0.7,naive,normal_t_routing,33,false,success,0,0.023773,/home/federico/Desktop/Fault-Tolerant-Quantum-Compiler/benchmarks/logs/run_61_241.log,
245,2026-05-04,2026-05-04 15:35:53,qaoa_n6_transpiled,5,5,qaoa_n6_transpiled-5x5,gaussian,,coarse,1.5,0.5,1.5,0.5,0.8,1,,,connectivity,center_circle,0,0.7,naive,normal_t_routing,39,false,success,0,0.027752,/home/federico/Desktop/Fault-Tolerant-Quantum-Compiler/benchmarks/logs/run_62_245.log,
249,2026-05-04,2026-05-04 15:35:53,qaoa_n6_transpiled,9,9,qaoa_n6_transpiled-9x9,gaussian,,coarse,1.5,0.5,1.5,0.5,0.8,1,,,cube,center_circle,0,0.7,congestion,normal_t_routing,33,false,success,0,0.031385,/home/federico/Desktop/Fault-Tolerant-Quantum-Compiler/benchmarks/logs/run_63_249.log,
253,2026-05-04,2026-05-04 15:35:54,qaoa_n6_transpiled,5,5,qaoa_n6_transpiled-5x5,gaussian,,coarse,1.5,0.5,1.5,0.5,0.8,1,,,connectivity,center_circle,0,0.7,congestion,normal_t_routing,39,false,success,0,0.029116,/home/federico/Desktop/Fault-Tolerant-Quantum-Compiler/benchmarks/logs/run_64_253.log,
229,2026-05-04,2026-05-04 15:31:26,ghz_n255,37,37,ghz_n255-37x37,gaussian,,coarse,1.5,0.5,1.5,0.5,0.8,1,,,connectivity,center_circle,0,0.9,congestion,normal_t_routing,254,false,success,0,268.555976,/home/federico/Desktop/Fault-Tolerant-Quantum-Compiler/benchmarks/logs/run_58_229.log,
265,2026-05-04,2026-05-04 15:35:56,qaoa_n6_transpiled,9,9,qaoa_n6_transpiled-9x9,gaussian,,coarse,1.5,0.5,1.5,0.5,0.8,1,,,cube,center_circle,0,0.9,naive,normal_t_routing,33,false,success,0,0.030039,/home/federico/Desktop/Fault-Tolerant-Quantum-Compiler/benchmarks/logs/run_67_265.log,
269,2026-05-04,2026-05-04 15:35:56,qaoa_n6_transpiled,6,6,qaoa_n6_transpiled-6x6,gaussian,,coarse,1.5,0.5,1.5,0.5,0.8,1,,,connectivity,center_circle,0,0.9,naive,normal_t_routing,39,false,success,0,0.029822,/home/federico/Desktop/Fault-Tolerant-Quantum-Compiler/benchmarks/logs/run_68_269.log,
273,2026-05-04,2026-05-04 15:35:57,qaoa_n6_transpiled,9,9,qaoa_n6_transpiled-9x9,gaussian,,coarse,1.5,0.5,1.5,0.5,0.8,1,,,cube,center_circle,0,0.9,congestion,normal_t_routing,33,false,success,0,0.033309,/home/federico/Desktop/Fault-Tolerant-Quantum-Compiler/benchmarks/logs/run_69_273.log,
277,2026-05-04,2026-05-04 15:35:57,qaoa_n6_transpiled,6,6,qaoa_n6_transpiled-6x6,gaussian,,coarse,1.5,0.5,1.5,0.5,0.8,1,,,connectivity,center_circle,0,0.9,congestion,normal_t_routing,39,false,success,0,0.030670,/home/federico/Desktop/Fault-Tolerant-Quantum-Compiler/benchmarks/logs/run_70_277.log,
289,2026-05-04,2026-05-04 15:35:59,wstate_n27,16,16,wstate_n27-16x16,gaussian,,coarse,1.5,0.5,1.5,0.5,0.8,1,,,cube,center_circle,0,0.7,naive,normal_t_routing,28,false,success,0,0.173420,/home/federico/Desktop/Fault-Tolerant-Quantum-Compiler/benchmarks/logs/run_73_289.log,
293,2026-05-04,2026-05-04 15:35:59,wstate_n27,11,11,wstate_n27-11x11,gaussian,,coarse,1.5,0.5,1.5,0.5,0.8,1,,,connectivity,center_circle,0,0.7,naive,normal_t_routing,28,false,success,0,0.157522,/home/federico/Desktop/Fault-Tolerant-Quantum-Compiler/benchmarks/logs/run_74_293.log,
297,2026-05-04,2026-05-04 15:36:00,wstate_n27,16,16,wstate_n27-16x16,gaussian,,coarse,1.5,0.5,1.5,0.5,0.8,1,,,cube,center_circle,0,0.7,congestion,normal_t_routing,28,false,success,0,0.311252,/home/federico/Desktop/Fault-Tolerant-Quantum-Compiler/benchmarks/logs/run_75_297.log,
301,2026-05-04,2026-05-04 15:36:00,wstate_n27,11,11,wstate_n27-11x11,gaussian,,coarse,1.5,0.5,1.5,0.5,0.8,1,,,connectivity,center_circle,0,0.7,congestion,normal_t_routing,28,false,success,0,0.168466,/home/federico/Desktop/Fault-Tolerant-Quantum-Compiler/benchmarks/logs/run_76_301.log,
313,2026-05-04,2026-05-04 15:36:02,wstate_n27,16,16,wstate_n27-16x16,gaussian,,coarse,1.5,0.5,1.5,0.5,0.8,1,,,cube,center_circle,0,0.9,naive,normal_t_routing,28,false,success,0,0.196850,/home/federico/Desktop/Fault-Tolerant-Quantum-Compiler/benchmarks/logs/run_79_313.log,
317,2026-05-04,2026-05-04 15:36:03,wstate_n27,12,12,wstate_n27-12x12,gaussian,,coarse,1.5,0.5,1.5,0.5,0.8,1,,,connectivity,center_circle,0,0.9,naive,normal_t_routing,29,false,success,0,0.244581,/home/federico/Desktop/Fault-Tolerant-Quantum-Compiler/benchmarks/logs/run_80_317.log,
321,2026-05-04,2026-05-04 15:36:03,wstate_n27,16,16,wstate_n27-16x16,gaussian,,coarse,1.5,0.5,1.5,0.5,0.8,1,,,cube,center_circle,0,0.9,congestion,normal_t_routing,28,false,success,0,0.357041,/home/federico/Desktop/Fault-Tolerant-Quantum-Compiler/benchmarks/logs/run_81_321.log,
325,2026-05-04,2026-05-04 15:36:04,wstate_n27,12,12,wstate_n27-12x12,gaussian,,coarse,1.5,0.5,1.5,0.5,0.8,1,,,connectivity,center_circle,0,0.9,congestion,normal_t_routing,29,false,success,0,0.244226,/home/federico/Desktop/Fault-Tolerant-Quantum-Compiler/benchmarks/logs/run_82_325.log,
337,2026-05-04,2026-05-04 15:36:05,bigadder_n18_transpiled,13,13,bigadder_n18_transpiled-13x13,gaussian,,coarse,1.5,0.5,1.5,0.5,0.8,1,,,cube,center_circle,0,0.7,naive,normal_t_routing,88,false,success,0,0.090706,/home/federico/Desktop/Fault-Tolerant-Quantum-Compiler/benchmarks/logs/run_85_337.log,
341,2026-05-04,2026-05-04 15:36:06,bigadder_n18_transpiled,9,9,bigadder_n18_transpiled-9x9,gaussian,,coarse,1.5,0.5,1.5,0.5,0.8,1,,,connectivity,center_circle,0,0.7,naive,normal_t_routing,92,false,success,0,0.159821,/home/federico/Desktop/Fault-Tolerant-Quantum-Compiler/benchmarks/logs/run_86_341.log,
345,2026-05-04,2026-05-04 15:36:07,bigadder_n18_transpiled,13,13,bigadder_n18_transpiled-13x13,gaussian,,coarse,1.5,0.5,1.5,0.5,0.8,1,,,cube,center_circle,0,0.7,congestion,normal_t_routing,88,false,success,0,0.136264,/home/federico/Desktop/Fault-Tolerant-Quantum-Compiler/benchmarks/logs/run_87_345.log,
349,2026-05-04,2026-05-04 15:36:07,bigadder_n18_transpiled,9,9,bigadder_n18_transpiled-9x9,gaussian,,coarse,1.5,0.5,1.5,0.5,0.8,1,,,connectivity,center_circle,0,0.7,congestion,normal_t_routing,90,false,success,0,0.160274,/home/federico/Desktop/Fault-Tolerant-Quantum-Compiler/benchmarks/logs/run_88_349.log,
361,2026-05-04,2026-05-04 15:36:09,bigadder_n18_transpiled,14,14,bigadder_n18_transpiled-14x14,gaussian,,coarse,1.5,0.5,1.5,0.5,0.8,1,,,cube,center_circle,0,0.9,naive,normal_t_routing,88,false,success,0,0.112039,/home/federico/Desktop/Fault-Tolerant-Quantum-Compiler/benchmarks/logs/run_91_361.log,
365,2026-05-04,2026-05-04 15:36:09,bigadder_n18_transpiled,10,10,bigadder_n18_transpiled-10x10,gaussian,,coarse,1.5,0.5,1.5,0.5,0.8,1,,,connectivity,center_circle,0,0.9,naive,normal_t_routing,90,false,success,0,0.178292,/home/federico/Desktop/Fault-Tolerant-Quantum-Compiler/benchmarks/logs/run_92_365.log,
369,2026-05-04,2026-05-04 15:36:10,bigadder_n18_transpiled,14,14,bigadder_n18_transpiled-14x14,gaussian,,coarse,1.5,0.5,1.5,0.5,0.8,1,,,cube,center_circle,0,0.9,congestion,normal_t_routing,88,false,success,0,0.176427,/home/federico/Desktop/Fault-Tolerant-Quantum-Compiler/benchmarks/logs/run_93_369.log,
373,2026-05-04,2026-05-04 15:36:10,bigadder_n18_transpiled,10,10,bigadder_n18_transpiled-10x10,gaussian,,coarse,1.5,0.5,1.5,0.5,0.8,1,,,connectivity,center_circle,0,0.9,congestion,normal_t_routing,90,false,success,0,0.199807,/home/federico/Desktop/Fault-Tolerant-Quantum-Compiler/benchmarks/logs/run_94_373.log,
385,2026-05-04,2026-05-04 15:36:12,adder_n4,8,8,adder_n4-8x8,gaussian,,coarse,1.5,0.5,1.5,0.5,0.8,1,,,cube,center_circle,0,0.7,naive,normal_t_routing,9,false,success,0,0.015287,/home/federico/Desktop/Fault-Tolerant-Quantum-Compiler/benchmarks/logs/run_97_385.log,
389,2026-05-04,2026-05-04 15:36:13,adder_n4,4,4,adder_n4-4x4,gaussian,,coarse,1.5,0.5,1.5,0.5,0.8,1,,,connectivity,center_circle,0,0.7,naive,normal_t_routing,9,false,success,0,0.012728,/home/federico/Desktop/Fault-Tolerant-Quantum-Compiler/benchmarks/logs/run_98_389.log,
393,2026-05-04,2026-05-04 15:36:13,adder_n4,8,8,adder_n4-8x8,gaussian,,coarse,1.5,0.5,1.5,0.5,0.8,1,,,cube,center_circle,0,0.7,congestion,normal_t_routing,9,false,success,0,0.019636,/home/federico/Desktop/Fault-Tolerant-Quantum-Compiler/benchmarks/logs/run_99_393.log,
397,2026-05-04,2026-05-04 15:36:14,adder_n4,4,4,adder_n4-4x4,gaussian,,coarse,1.5,0.5,1.5,0.5,0.8,1,,,connectivity,center_circle,0,0.7,congestion,normal_t_routing,9,false,success,0,0.013433,/home/federico/Desktop/Fault-Tolerant-Quantum-Compiler/benchmarks/logs/run_100_397.log,
409,2026-05-04,2026-05-04 15:36:15,adder_n4,8,8,adder_n4-8x8,gaussian,,coarse,1.5,0.5,1.5,0.5,0.8,1,,,cube,center_circle,0,0.9,naive,normal_t_routing,8,false,success,0,0.016947,/home/federico/Desktop/Fault-Tolerant-Quantum-Compiler/benchmarks/logs/run_103_409.log,
413,2026-05-04,2026-05-04 15:36:16,adder_n4,5,5,adder_n4-5x5,gaussian,,coarse,1.5,0.5,1.5,0.5,0.8,1,,,connectivity,center_circle,0,0.9,naive,normal_t_routing,9,false,success,0,0.014937,/home/federico/Desktop/Fault-Tolerant-Quantum-Compiler/benchmarks/logs/run_104_413.log,
417,2026-05-04,2026-05-04 15:36:16,adder_n4,8,8,adder_n4-8x8,gaussian,,coarse,1.5,0.5,1.5,0.5,0.8,1,,,cube,center_circle,0,0.9,congestion,normal_t_routing,8,false,success,0,0.022097,/home/federico/Desktop/Fault-Tolerant-Quantum-Compiler/benchmarks/logs/run_105_417.log,
421,2026-05-04,2026-05-04 15:36:17,adder_n4,5,5,adder_n4-5x5,gaussian,,coarse,1.5,0.5,1.5,0.5,0.8,1,,,connectivity,center_circle,0,0.9,congestion,normal_t_routing,9,false,success,0,0.014816,/home/federico/Desktop/Fault-Tolerant-Quantum-Compiler/benchmarks/logs/run_106_421.log,
433,2026-05-04,2026-05-04 15:36:19,toffoli_n3,7,7,toffoli_n3-7x7,gaussian,,coarse,1.5,0.5,1.5,0.5,0.8,1,,,cube,center_circle,0,0.7,naive,normal_t_routing,11,false,success,0,0.011949,/home/federico/Desktop/Fault-Tolerant-Quantum-Compiler/benchmarks/logs/run_109_433.log,
437,2026-05-04,2026-05-04 15:36:19,toffoli_n3,4,4,toffoli_n3-4x4,gaussian,,coarse,1.5,0.5,1.5,0.5,0.8,1,,,connectivity,center_circle,0,0.7,naive,normal_t_routing,11,false,success,0,0.010975,/home/federico/Desktop/Fault-Tolerant-Quantum-Compiler/benchmarks/logs/run_110_437.log,
441,2026-05-04,2026-05-04 15:36:20,toffoli_n3,7,7,toffoli_n3-7x7,gaussian,,coarse,1.5,0.5,1.5,0.5,0.8,1,,,cube,center_circle,0,0.7,congestion,normal_t_routing,11,false,success,0,0.013238,/home/federico/Desktop/Fault-Tolerant-Quantum-Compiler/benchmarks/logs/run_111_441.log,
445,2026-05-04,2026-05-04 15:36:20,toffoli_n3,4,4,toffoli_n3-4x4,gaussian,,coarse,1.5,0.5,1.5,0.5,0.8,1,,,connectivity,center_circle,0,0.7,congestion,normal_t_routing,11,false,success,0,0.011355,/home/federico/Desktop/Fault-Tolerant-Quantum-Compiler/benchmarks/logs/run_112_445.log,
457,2026-05-04,2026-05-04 15:36:22,toffoli_n3,8,8,toffoli_n3-8x8,gaussian,,coarse,1.5,0.5,1.5,0.5,0.8,1,,,cube,center_circle,0,0.9,naive,normal_t_routing,11,false,success,0,0.013843,/home/federico/Desktop/Fault-Tolerant-Quantum-Compiler/benchmarks/logs/run_115_457.log,
461,2026-05-04,2026-05-04 15:36:22,toffoli_n3,4,4,toffoli_n3-4x4,gaussian,,coarse,1.5,0.5,1.5,0.5,0.8,1,,,connectivity,center_circle,0,0.9,naive,normal_t_routing,11,false,success,0,0.013417,/home/federico/Desktop/Fault-Tolerant-Quantum-Compiler/benchmarks/logs/run_116_461.log,
465,2026-05-04,2026-05-04 15:36:23,toffoli_n3,8,8,toffoli_n3-8x8,gaussian,,coarse,1.5,0.5,1.5,0.5,0.8,1,,,cube,center_circle,0,0.9,congestion,normal_t_routing,11,false,success,0,0.021544,/home/federico/Desktop/Fault-Tolerant-Quantum-Compiler/benchmarks/logs/run_117_465.log,
469,2026-05-04,2026-05-04 15:36:24,toffoli_n3,4,4,toffoli_n3-4x4,gaussian,,coarse,1.5,0.5,1.5,0.5,0.8,1,,,connectivity,center_circle,0,0.9,congestion,normal_t_routing,11,false,success,0,0.011873,/home/federico/Desktop/Fault-Tolerant-Quantum-Compiler/benchmarks/logs/run_118_469.log,
481,2026-05-04,2026-05-04 15:36:25,fredkin_n3,7,7,fredkin_n3-7x7,gaussian,,coarse,1.5,0.5,1.5,0.5,0.8,1,,,cube,center_circle,0,0.7,naive,normal_t_routing,10,false,success,0,0.012957,/home/federico/Desktop/Fault-Tolerant-Quantum-Compiler/benchmarks/logs/run_121_481.log,
485,2026-05-04,2026-05-04 15:36:26,fredkin_n3,4,4,fredkin_n3-4x4,gaussian,,coarse,1.5,0.5,1.5,0.5,0.8,1,,,connectivity,center_circle,0,0.7,naive,normal_t_routing,10,false,success,0,0.011311,/home/federico/Desktop/Fault-Tolerant-Quantum-Compiler/benchmarks/logs/run_122_485.log,
489,2026-05-04,2026-05-04 15:36:26,fredkin_n3,7,7,fredkin_n3-7x7,gaussian,,coarse,1.5,0.5,1.5,0.5,0.8,1,,,cube,center_circle,0,0.7,congestion,normal_t_routing,10,false,success,0,0.017646,/home/federico/Desktop/Fault-Tolerant-Quantum-Compiler/benchmarks/logs/run_123_489.log,
493,2026-05-04,2026-05-04 15:36:27,fredkin_n3,4,4,fredkin_n3-4x4,gaussian,,coarse,1.5,0.5,1.5,0.5,0.8,1,,,connectivity,center_circle,0,0.7,congestion,normal_t_routing,10,false,success,0,0.011697,/home/federico/Desktop/Fault-Tolerant-Quantum-Compiler/benchmarks/logs/run_124_493.log,
505,2026-05-04,2026-05-04 15:36:29,fredkin_n3,8,8,fredkin_n3-8x8,gaussian,,coarse,1.5,0.5,1.5,0.5,0.8,1,,,cube,center_circle,0,0.9,naive,normal_t_routing,10,false,success,0,0.014942,/home/federico/Desktop/Fault-Tolerant-Quantum-Compiler/benchmarks/logs/run_127_505.log,
509,2026-05-04,2026-05-04 15:36:29,fredkin_n3,4,4,fredkin_n3-4x4,gaussian,,coarse,1.5,0.5,1.5,0.5,0.8,1,,,connectivity,center_circle,0,0.9,naive,normal_t_routing,10,false,success,0,0.011521,/home/federico/Desktop/Fault-Tolerant-Quantum-Compiler/benchmarks/logs/run_128_509.log,
513,2026-05-04,2026-05-04 15:36:30,fredkin_n3,8,8,fredkin_n3-8x8,gaussian,,coarse,1.5,0.5,1.5,0.5,0.8,1,,,cube,center_circle,0,0.9,congestion,normal_t_routing,10,false,success,0,0.020516,/home/federico/Desktop/Fault-Tolerant-Quantum-Compiler/benchmarks/logs/run_129_513.log,
517,2026-05-04,2026-05-04 15:36:30,fredkin_n3,4,4,fredkin_n3-4x4,gaussian,,coarse,1.5,0.5,1.5,0.5,0.8,1,,,connectivity,center_circle,0,0.9,congestion,normal_t_routing,10,false,success,0,0.011893,/home/federico/Desktop/Fault-Tolerant-Quantum-Compiler/benchmarks/logs/run_130_517.log,
529,2026-05-04,2026-05-04 15:36:32,qft_n18,13,13,qft_n18-13x13,gaussian,,coarse,1.5,0.5,1.5,0.5,0.8,1,,,cube,center_circle,0,0.7,naive,normal_t_routing,97,false,success,0,0.148005,/home/federico/Desktop/Fault-Tolerant-Quantum-Compiler/benchmarks/logs/run_133_529.log,
537,2026-05-04,2026-05-04 15:36:33,qft_n18,13,13,qft_n18-13x13,gaussian,,coarse,1.5,0.5,1.5,0.5,0.8,1,,,cube,center_circle,0,0.7,congestion,normal_t_routing,103,false,success,0,0.265639,/home/federico/Desktop/Fault-Tolerant-Quantum-Compiler/benchmarks/logs/run_135_537.log,
533,2026-05-04,2026-05-04 15:36:32,qft_n18,9,9,qft_n18-9x9,gaussian,,coarse,1.5,0.5,1.5,0.5,0.8,1,,,connectivity,center_circle,0,0.7,naive,normal_t_routing,201,false,success,0,1.339774,/home/federico/Desktop/Fault-Tolerant-Quantum-Compiler/benchmarks/logs/run_134_533.log,
541,2026-05-04,2026-05-04 15:36:34,qft_n18,9,9,qft_n18-9x9,gaussian,,coarse,1.5,0.5,1.5,0.5,0.8,1,,,connectivity,center_circle,0,0.7,congestion,normal_t_routing,213,false,success,0,1.267144,/home/federico/Desktop/Fault-Tolerant-Quantum-Compiler/benchmarks/logs/run_136_541.log,
553,2026-05-04,2026-05-04 15:36:35,qft_n18,14,14,qft_n18-14x14,gaussian,,coarse,1.5,0.5,1.5,0.5,0.8,1,,,cube,center_circle,0,0.9,naive,normal_t_routing,85,false,success,0,0.156972,/home/federico/Desktop/Fault-Tolerant-Quantum-Compiler/benchmarks/logs/run_139_553.log,
561,2026-05-04,2026-05-04 15:36:37,qft_n18,14,14,qft_n18-14x14,gaussian,,coarse,1.5,0.5,1.5,0.5,0.8,1,,,cube,center_circle,0,0.9,congestion,normal_t_routing,85,false,success,0,0.292234,/home/federico/Desktop/Fault-Tolerant-Quantum-Compiler/benchmarks/logs/run_141_561.log,
557,2026-05-04,2026-05-04 15:36:36,qft_n18,10,10,qft_n18-10x10,gaussian,,coarse,1.5,0.5,1.5,0.5,0.8,1,,,connectivity,center_circle,0,0.9,naive,normal_t_routing,202,false,success,0,1.040575,/home/federico/Desktop/Fault-Tolerant-Quantum-Compiler/benchmarks/logs/run_140_557.log,
565,2026-05-04,2026-05-04 15:36:37,qft_n18,10,10,qft_n18-10x10,gaussian,,coarse,1.5,0.5,1.5,0.5,0.8,1,,,connectivity,center_circle,0,0.9,congestion,normal_t_routing,208,false,success,0,1.050419,/home/federico/Desktop/Fault-Tolerant-Quantum-Compiler/benchmarks/logs/run_142_565.log,
577,2026-05-04,2026-05-04 15:36:39,ising_n26,15,15,ising_n26-15x15,gaussian,,coarse,1.5,0.5,1.5,0.5,0.8,1,,,cube,center_circle,0,0.7,naive,normal_t_routing,6,false,success,0,0.147552,/home/federico/Desktop/Fault-Tolerant-Quantum-Compiler/benchmarks/logs/run_145_577.log,
581,2026-05-04,2026-05-04 15:36:40,ising_n26,11,11,ising_n26-11x11,gaussian,,coarse,1.5,0.5,1.5,0.5,0.8,1,,,connectivity,center_circle,0,0.7,naive,normal_t_routing,6,false,success,0,0.163112,/home/federico/Desktop/Fault-Tolerant-Quantum-Compiler/benchmarks/logs/run_146_581.log,
585,2026-05-04,2026-05-04 15:36:40,ising_n26,15,15,ising_n26-15x15,gaussian,,coarse,1.5,0.5,1.5,0.5,0.8,1,,,cube,center_circle,0,0.7,congestion,normal_t_routing,6,false,success,0,0.243935,/home/federico/Desktop/Fault-Tolerant-Quantum-Compiler/benchmarks/logs/run_147_585.log,
589,2026-05-04,2026-05-04 15:36:41,ising_n26,11,11,ising_n26-11x11,gaussian,,coarse,1.5,0.5,1.5,0.5,0.8,1,,,connectivity,center_circle,0,0.7,congestion,normal_t_routing,6,false,success,0,0.164638,/home/federico/Desktop/Fault-Tolerant-Quantum-Compiler/benchmarks/logs/run_148_589.log,
601,2026-05-04,2026-05-04 15:36:42,ising_n26,16,16,ising_n26-16x16,gaussian,,coarse,1.5,0.5,1.5,0.5,0.8,1,,,cube,center_circle,0,0.9,naive,normal_t_routing,4,false,success,0,0.182356,/home/federico/Desktop/Fault-Tolerant-Quantum-Compiler/benchmarks/logs/run_151_601.log,
605,2026-05-04,2026-05-04 15:36:43,ising_n26,12,12,ising_n26-12x12,gaussian,,coarse,1.5,0.5,1.5,0.5,0.8,1,,,connectivity,center_circle,0,0.9,naive,normal_t_routing,6,false,success,0,0.242774,/home/federico/Desktop/Fault-Tolerant-Quantum-Compiler/benchmarks/logs/run_152_605.log,
609,2026-05-04,2026-05-04 15:36:43,ising_n26,16,16,ising_n26-16x16,gaussian,,coarse,1.5,0.5,1.5,0.5,0.8,1,,,cube,center_circle,0,0.9,congestion,normal_t_routing,4,false,success,0,0.342098,/home/federico/Desktop/Fault-Tolerant-Quantum-Compiler/benchmarks/logs/run_153_609.log,
613,2026-05-04,2026-05-04 15:36:44,ising_n26,12,12,ising_n26-12x12,gaussian,,coarse,1.5,0.5,1.5,0.5,0.8,1,,,connectivity,center_circle,0,0.9,congestion,normal_t_routing,6,false,success,0,0.225791,/home/federico/Desktop/Fault-Tolerant-Quantum-Compiler/benchmarks/logs/run_154_613.log,
625,2026-05-04,2026-05-04 15:36:46,bwt_n21,,,,gaussian,,coarse,1.5,0.5,1.5,0.5,0.8,1,,,cube,center_circle,0,0.7,naive,normal_t_routing,,true,timeout,124,600.010981,/home/federico/Desktop/Fault-Tolerant-Quantum-Compiler/benchmarks/logs/run_157_625.log,Execution exceeded timeout of 600.000s
629,2026-05-04,2026-05-04 15:36:47,bwt_n21,,,,gaussian,,coarse,1.5,0.5,1.5,0.5,0.8,1,,,connectivity,center_circle,0,0.7,naive,normal_t_routing,,true,timeout,124,600.008734,/home/federico/Desktop/Fault-Tolerant-Quantum-Compiler/benchmarks/logs/run_158_629.log,Execution exceeded timeout of 600.000s
633,2026-05-04,2026-05-04 15:46:46,bwt_n21,,,,gaussian,,coarse,1.5,0.5,1.5,0.5,0.8,1,,,cube,center_circle,0,0.7,congestion,normal_t_routing,,true,timeout,124,600.011579,/home/federico/Desktop/Fault-Tolerant-Quantum-Compiler/benchmarks/logs/run_159_633.log,Execution exceeded timeout of 600.000s
637,2026-05-04,2026-05-04 15:46:47,bwt_n21,,,,gaussian,,coarse,1.5,0.5,1.5,0.5,0.8,1,,,connectivity,center_circle,0,0.7,congestion,normal_t_routing,,true,timeout,124,600.009034,/home/federico/Desktop/Fault-Tolerant-Quantum-Compiler/benchmarks/logs/run_160_637.log,Execution exceeded timeout of 600.000s
649,2026-05-04,2026-05-04 15:56:48,bwt_n21,,,,gaussian,,coarse,1.5,0.5,1.5,0.5,0.8,1,,,cube,center_circle,0,0.9,naive,normal_t_routing,,true,timeout,124,600.011691,/home/federico/Desktop/Fault-Tolerant-Quantum-Compiler/benchmarks/logs/run_163_649.log,Execution exceeded timeout of 600.000s
653,2026-05-04,2026-05-04 15:56:48,bwt_n21,,,,gaussian,,coarse,1.5,0.5,1.5,0.5,0.8,1,,,connectivity,center_circle,0,0.9,naive,normal_t_routing,,true,timeout,124,600.008918,/home/federico/Desktop/Fault-Tolerant-Quantum-Compiler/benchmarks/logs/run_164_653.log,Execution exceeded timeout of 600.000s
657,2026-05-04,2026-05-04 16:06:48,bwt_n21,,,,gaussian,,coarse,1.5,0.5,1.5,0.5,0.8,1,,,cube,center_circle,0,0.9,congestion,normal_t_routing,,true,timeout,124,600.012376,/home/federico/Desktop/Fault-Tolerant-Quantum-Compiler/benchmarks/logs/run_165_657.log,Execution exceeded timeout of 600.000s
661,2026-05-04,2026-05-04 16:06:49,bwt_n21,,,,gaussian,,coarse,1.5,0.5,1.5,0.5,0.8,1,,,connectivity,center_circle,0,0.9,congestion,normal_t_routing,,true,timeout,124,600.009831,/home/federico/Desktop/Fault-Tolerant-Quantum-Compiler/benchmarks/logs/run_166_661.log,Execution exceeded timeout of 600.000s
673,2026-05-04,2026-05-04 16:16:50,factor247_n15,,,,gaussian,,coarse,1.5,0.5,1.5,0.5,0.8,1,,,cube,center_circle,0,0.7,naive,normal_t_routing,,true,timeout,124,600.028262,/home/federico/Desktop/Fault-Tolerant-Quantum-Compiler/benchmarks/logs/run_169_673.log,Execution exceeded timeout of 600.000s
677,2026-05-04,2026-05-04 16:16:51,factor247_n15,,,,gaussian,,coarse,1.5,0.5,1.5,0.5,0.8,1,,,connectivity,center_circle,0,0.7,naive,normal_t_routing,,true,timeout,124,600.026544,/home/federico/Desktop/Fault-Tolerant-Quantum-Compiler/benchmarks/logs/run_170_677.log,Execution exceeded timeout of 600.000s
681,2026-05-04,2026-05-04 16:26:51,factor247_n15,,,,gaussian,,coarse,1.5,0.5,1.5,0.5,0.8,1,,,cube,center_circle,0,0.7,congestion,normal_t_routing,,true,timeout,124,600.020813,/home/federico/Desktop/Fault-Tolerant-Quantum-Compiler/benchmarks/logs/run_171_681.log,Execution exceeded timeout of 600.000s
685,2026-05-04,2026-05-04 16:26:51,factor247_n15,,,,gaussian,,coarse,1.5,0.5,1.5,0.5,0.8,1,,,connectivity,center_circle,0,0.7,congestion,normal_t_routing,,true,timeout,124,600.023489,/home/federico/Desktop/Fault-Tolerant-Quantum-Compiler/benchmarks/logs/run_172_685.log,Execution exceeded timeout of 600.000s
697,2026-05-04,2026-05-04 16:36:52,factor247_n15,,,,gaussian,,coarse,1.5,0.5,1.5,0.5,0.8,1,,,cube,center_circle,0,0.9,naive,normal_t_routing,,true,timeout,124,600.022278,/home/federico/Desktop/Fault-Tolerant-Quantum-Compiler/benchmarks/logs/run_175_697.log,Execution exceeded timeout of 600.000s
701,2026-05-04,2026-05-04 16:36:53,factor247_n15,,,,gaussian,,coarse,1.5,0.5,1.5,0.5,0.8,1,,,connectivity,center_circle,0,0.9,naive,normal_t_routing,,true,timeout,124,600.020895,/home/federico/Desktop/Fault-Tolerant-Quantum-Compiler/benchmarks/logs/run_176_701.log,Execution exceeded timeout of 600.000s
705,2026-05-04,2026-05-04 16:46:53,factor247_n15,,,,gaussian,,coarse,1.5,0.5,1.5,0.5,0.8,1,,,cube,center_circle,0,0.9,congestion,normal_t_routing,,true,timeout,124,600.022136,/home/federico/Desktop/Fault-Tolerant-Quantum-Compiler/benchmarks/logs/run_177_705.log,Execution exceeded timeout of 600.000s
709,2026-05-04,2026-05-04 16:46:54,factor247_n15,,,,gaussian,,coarse,1.5,0.5,1.5,0.5,0.8,1,,,connectivity,center_circle,0,0.9,congestion,normal_t_routing,,true,timeout,124,600.020875,/home/federico/Desktop/Fault-Tolerant-Quantum-Compiler/benchmarks/logs/run_178_709.log,Execution exceeded timeout of 600.000s
721,2026-05-04,2026-05-04 16:56:55,hhl_n10,11,11,hhl_n10-11x11,gaussian,,coarse,1.5,0.5,1.5,0.5,0.8,1,,,cube,center_circle,0,0.7,naive,normal_t_routing,72043,false,success,0,432.316158,/home/federico/Desktop/Fault-Tolerant-Quantum-Compiler/benchmarks/logs/run_181_721.log,
725,2026-05-04,2026-05-04 16:56:55,hhl_n10,7,7,hhl_n10-7x7,gaussian,,coarse,1.5,0.5,1.5,0.5,0.8,1,,,connectivity,center_circle,0,0.7,naive,normal_t_routing,72144,false,success,0,488.162883,/home/federico/Desktop/Fault-Tolerant-Quantum-Compiler/benchmarks/logs/run_182_725.log,
729,2026-05-04,2026-05-04 17:04:08,hhl_n10,11,11,hhl_n10-11x11,gaussian,,coarse,1.5,0.5,1.5,0.5,0.8,1,,,cube,center_circle,0,0.7,congestion,normal_t_routing,72043,false,success,0,447.495256,/home/federico/Desktop/Fault-Tolerant-Quantum-Compiler/benchmarks/logs/run_183_729.log,
733,2026-05-04,2026-05-04 17:05:04,hhl_n10,7,7,hhl_n10-7x7,gaussian,,coarse,1.5,0.5,1.5,0.5,0.8,1,,,connectivity,center_circle,0,0.7,congestion,normal_t_routing,72152,false,success,0,493.205501,/home/federico/Desktop/Fault-Tolerant-Quantum-Compiler/benchmarks/logs/run_184_733.log,
745,2026-05-04,2026-05-04 17:11:37,hhl_n10,11,11,hhl_n10-11x11,gaussian,,coarse,1.5,0.5,1.5,0.5,0.8,1,,,cube,center_circle,0,0.9,naive,normal_t_routing,72041,false,success,0,430.042418,/home/federico/Desktop/Fault-Tolerant-Quantum-Compiler/benchmarks/logs/run_187_745.log,
749,2026-05-04,2026-05-04 17:13:18,hhl_n10,7,7,hhl_n10-7x7,gaussian,,coarse,1.5,0.5,1.5,0.5,0.8,1,,,connectivity,center_circle,0,0.9,naive,normal_t_routing,72145,false,success,0,497.500367,/home/federico/Desktop/Fault-Tolerant-Quantum-Compiler/benchmarks/logs/run_188_749.log,
753,2026-05-04,2026-05-04 17:18:47,hhl_n10,11,11,hhl_n10-11x11,gaussian,,coarse,1.5,0.5,1.5,0.5,0.8,1,,,cube,center_circle,0,0.9,congestion,normal_t_routing,72043,false,success,0,447.004871,/home/federico/Desktop/Fault-Tolerant-Quantum-Compiler/benchmarks/logs/run_189_753.log,
769,2026-05-04,2026-05-04 17:26:16,vqe_uccsd_n8,10,10,vqe_uccsd_n8-10x10,gaussian,,coarse,1.5,0.5,1.5,0.5,0.8,1,,,cube,center_circle,0,0.7,naive,normal_t_routing,5446,false,success,0,2.623908,/home/federico/Desktop/Fault-Tolerant-Quantum-Compiler/benchmarks/logs/run_193_769.log,
773,2026-05-04,2026-05-04 17:26:19,vqe_uccsd_n8,6,6,vqe_uccsd_n8-6x6,gaussian,,coarse,1.5,0.5,1.5,0.5,0.8,1,,,connectivity,center_circle,0,0.7,naive,normal_t_routing,5446,false,success,0,3.101053,/home/federico/Desktop/Fault-Tolerant-Quantum-Compiler/benchmarks/logs/run_194_773.log,
777,2026-05-04,2026-05-04 17:26:23,vqe_uccsd_n8,10,10,vqe_uccsd_n8-10x10,gaussian,,coarse,1.5,0.5,1.5,0.5,0.8,1,,,cube,center_circle,0,0.7,congestion,normal_t_routing,5446,false,success,0,4.393957,/home/federico/Desktop/Fault-Tolerant-Quantum-Compiler/benchmarks/logs/run_195_777.log,
781,2026-05-04,2026-05-04 17:26:28,vqe_uccsd_n8,6,6,vqe_uccsd_n8-6x6,gaussian,,coarse,1.5,0.5,1.5,0.5,0.8,1,,,connectivity,center_circle,0,0.7,congestion,normal_t_routing,5446,false,success,0,3.178428,/home/federico/Desktop/Fault-Tolerant-Quantum-Compiler/benchmarks/logs/run_196_781.log,
793,2026-05-04,2026-05-04 17:26:33,vqe_uccsd_n8,10,10,vqe_uccsd_n8-10x10,gaussian,,coarse,1.5,0.5,1.5,0.5,0.8,1,,,cube,center_circle,0,0.9,naive,normal_t_routing,5446,false,success,0,2.505861,/home/federico/Desktop/Fault-Tolerant-Quantum-Compiler/benchmarks/logs/run_199_793.log,
797,2026-05-04,2026-05-04 17:26:36,vqe_uccsd_n8,6,6,vqe_uccsd_n8-6x6,gaussian,,coarse,1.5,0.5,1.5,0.5,0.8,1,,,connectivity,center_circle,0,0.9,naive,normal_t_routing,5446,false,success,0,3.263562,/home/federico/Desktop/Fault-Tolerant-Quantum-Compiler/benchmarks/logs/run_200_797.log,
801,2026-05-04,2026-05-04 17:26:40,vqe_uccsd_n8,10,10,vqe_uccsd_n8-10x10,gaussian,,coarse,1.5,0.5,1.5,0.5,0.8,1,,,cube,center_circle,0,0.9,congestion,normal_t_routing,5446,false,success,0,3.290386,/home/federico/Desktop/Fault-Tolerant-Quantum-Compiler/benchmarks/logs/run_201_801.log,
805,2026-05-04,2026-05-04 17:26:44,vqe_uccsd_n8,6,6,vqe_uccsd_n8-6x6,gaussian,,coarse,1.5,0.5,1.5,0.5,0.8,1,,,connectivity,center_circle,0,0.9,congestion,normal_t_routing,5446,false,success,0,3.509488,/home/federico/Desktop/Fault-Tolerant-Quantum-Compiler/benchmarks/logs/run_202_805.log,
817,2026-05-04,2026-05-04 17:26:49,qft_20,14,14,qft_20-14x14,gaussian,,coarse,1.5,0.5,1.5,0.5,0.8,1,,,cube,center_circle,5,0.7,naive,normal_t_routing,95,false,success,0,0.182255,/home/federico/Desktop/Fault-Tolerant-Quantum-Compiler/benchmarks/logs/run_205_817.log,
821,2026-05-04,2026-05-04 17:26:50,qft_20,10,10,qft_20-10x10,gaussian,,coarse,1.5,0.5,1.5,0.5,0.8,1,,,connectivity,center_circle,5,0.7,naive,normal_t_routing,222,false,success,0,1.198097,/home/federico/Desktop/Fault-Tolerant-Quantum-Compiler/benchmarks/logs/run_206_821.log,
825,2026-05-04,2026-05-04 17:26:51,qft_20,14,14,qft_20-14x14,gaussian,,coarse,1.5,0.5,1.5,0.5,0.8,1,,,cube,center_circle,5,0.7,congestion,normal_t_routing,98,false,success,0,0.344906,/home/federico/Desktop/Fault-Tolerant-Quantum-Compiler/benchmarks/logs/run_207_825.log,
829,2026-05-04,2026-05-04 17:26:52,qft_20,10,10,qft_20-10x10,gaussian,,coarse,1.5,0.5,1.5,0.5,0.8,1,,,connectivity,center_circle,5,0.7,congestion,normal_t_routing,233,false,success,0,1.255802,/home/federico/Desktop/Fault-Tolerant-Quantum-Compiler/benchmarks/logs/run_208_829.log,
841,2026-05-04,2026-05-04 17:26:55,qft_20,15,15,qft_20-15x15,gaussian,,coarse,1.5,0.5,1.5,0.5,0.8,1,,,cube,center_circle,5,0.9,naive,normal_t_routing,99,false,success,0,0.211538,/home/federico/Desktop/Fault-Tolerant-Quantum-Compiler/benchmarks/logs/run_211_841.log,
845,2026-05-04,2026-05-04 17:26:56,qft_20,11,11,qft_20-11x11,gaussian,,coarse,1.5,0.5,1.5,0.5,0.8,1,,,connectivity,center_circle,5,0.9,naive,normal_t_routing,221,false,success,0,1.634037,/home/federico/Desktop/Fault-Tolerant-Quantum-Compiler/benchmarks/logs/run_212_845.log,
849,2026-05-04,2026-05-04 17:26:58,qft_20,15,15,qft_20-15x15,gaussian,,coarse,1.5,0.5,1.5,0.5,0.8,1,,,cube,center_circle,5,0.9,congestion,normal_t_routing,96,false,success,0,0.395352,/home/federico/Desktop/Fault-Tolerant-Quantum-Compiler/benchmarks/logs/run_213_849.log,
853,2026-05-04,2026-05-04 17:26:59,qft_20,11,11,qft_20-11x11,gaussian,,coarse,1.5,0.5,1.5,0.5,0.8,1,,,connectivity,center_circle,5,0.9,congestion,normal_t_routing,218,false,success,0,1.654563,/home/federico/Desktop/Fault-Tolerant-Quantum-Compiler/benchmarks/logs/run_214_853.log,
865,2026-05-04,2026-05-04 17:27:03,dnn_n16,13,13,dnn_n16-13x13,gaussian,,coarse,1.5,0.5,1.5,0.5,0.8,1,,,cube,center_circle,5,0.7,naive,normal_t_routing,48,false,success,0,0.125028,/home/federico/Desktop/Fault-Tolerant-Quantum-Compiler/benchmarks/logs/run_217_865.log,
869,2026-05-04,2026-05-04 17:27:03,dnn_n16,9,9,dnn_n16-9x9,gaussian,,coarse,1.5,0.5,1.5,0.5,0.8,1,,,connectivity,center_circle,5,0.7,naive,normal_t_routing,48,false,success,0,0.207904,/home/federico/Desktop/Fault-Tolerant-Quantum-Compiler/benchmarks/logs/run_218_869.log,
873,2026-05-04,2026-05-04 17:27:04,dnn_n16,13,13,dnn_n16-13x13,gaussian,,coarse,1.5,0.5,1.5,0.5,0.8,1,,,cube,center_circle,5,0.7,congestion,normal_t_routing,72,false,success,0,0.190651,/home/federico/Desktop/Fault-Tolerant-Quantum-Compiler/benchmarks/logs/run_219_873.log,
877,2026-05-04,2026-05-04 17:27:05,dnn_n16,9,9,dnn_n16-9x9,gaussian,,coarse,1.5,0.5,1.5,0.5,0.8,1,,,connectivity,center_circle,5,0.7,congestion,normal_t_routing,48,false,success,0,0.219192,/home/federico/Desktop/Fault-Tolerant-Quantum-Compiler/benchmarks/logs/run_220_877.log,
889,2026-05-04,2026-05-04 17:27:07,dnn_n16,,,,gaussian,,coarse,1.5,0.5,1.5,0.5,0.8,1,,,cube,center_circle,5,0.9,naive,normal_t_routing,,false,failed,1,0.054430,/home/federico/Desktop/Fault-Tolerant-Quantum-Compiler/benchmarks/logs/run_223_889.log,Execution failed with exit code 1: Failed to map qubit 3: No valid free non-magic node with safe passage was found.
893,2026-05-04,2026-05-04 17:27:07,dnn_n16,10,10,dnn_n16-10x10,gaussian,,coarse,1.5,0.5,1.5,0.5,0.8,1,,,connectivity,center_circle,5,0.9,naive,normal_t_routing,48,false,success,0,0.193964,/home/federico/Desktop/Fault-Tolerant-Quantum-Compiler/benchmarks/logs/run_224_893.log,
897,2026-05-04,2026-05-04 17:27:08,dnn_n16,,,,gaussian,,coarse,1.5,0.5,1.5,0.5,0.8,1,,,cube,center_circle,5,0.9,congestion,normal_t_routing,,false,failed,1,0.054442,/home/federico/Desktop/Fault-Tolerant-Quantum-Compiler/benchmarks/logs/run_225_897.log,Execution failed with exit code 1: Failed to map qubit 3: No valid free non-magic node with safe passage was found.
901,2026-05-04,2026-05-04 17:27:09,dnn_n16,10,10,dnn_n16-10x10,gaussian,,coarse,1.5,0.5,1.5,0.5,0.8,1,,,connectivity,center_circle,5,0.9,congestion,normal_t_routing,48,false,success,0,0.208208,/home/federico/Desktop/Fault-Tolerant-Quantum-Compiler/benchmarks/logs/run_226_901.log,
913,2026-05-04,2026-05-04 17:27:11,adder_n64_transpiled,23,23,adder_n64_transpiled-23x23,gaussian,,coarse,1.5,0.5,1.5,0.5,0.8,1,,,cube,center_circle,5,0.7,naive,normal_t_routing,192,false,success,0,1.427942,/home/federico/Desktop/Fault-Tolerant-Quantum-Compiler/benchmarks/logs/run_229_913.log,
917,2026-05-04,2026-05-04 17:27:13,adder_n64_transpiled,,,,gaussian,,coarse,1.5,0.5,1.5,0.5,0.8,1,,,connectivity,center_circle,5,0.7,naive,normal_t_routing,,false,failed,1,2.299320,/home/federico/Desktop/Fault-Tolerant-Quantum-Compiler/benchmarks/logs/run_230_917.log,Execution failed with exit code 1: Failed to map qubit 40: No valid free non-magic node with safe passage was found.
921,2026-05-04,2026-05-04 17:27:16,adder_n64_transpiled,23,23,adder_n64_transpiled-23x23,gaussian,,coarse,1.5,0.5,1.5,0.5,0.8,1,,,cube,center_circle,5,0.7,congestion,normal_t_routing,194,false,success,0,2.906311,/home/federico/Desktop/Fault-Tolerant-Quantum-Compiler/benchmarks/logs/run_231_921.log,
925,2026-05-04,2026-05-04 17:27:19,adder_n64_transpiled,,,,gaussian,,coarse,1.5,0.5,1.5,0.5,0.8,1,,,connectivity,center_circle,5,0.7,congestion,normal_t_routing,,false,failed,1,2.312453,/home/federico/Desktop/Fault-Tolerant-Quantum-Compiler/benchmarks/logs/run_232_925.log,Execution failed with exit code 1: Failed to map qubit 40: No valid free non-magic node with safe passage was found.
937,2026-05-04,2026-05-04 17:27:23,adder_n64_transpiled,24,24,adder_n64_transpiled-24x24,gaussian,,coarse,1.5,0.5,1.5,0.5,0.8,1,,,cube,center_circle,5,0.9,naive,normal_t_routing,198,false,success,0,1.847212,/home/federico/Desktop/Fault-Tolerant-Quantum-Compiler/benchmarks/logs/run_235_937.log,
941,2026-05-04,2026-05-04 17:27:25,adder_n64_transpiled,,,,gaussian,,coarse,1.5,0.5,1.5,0.5,0.8,1,,,connectivity,center_circle,5,0.9,naive,normal_t_routing,,false,failed,1,2.776873,/home/federico/Desktop/Fault-Tolerant-Quantum-Compiler/benchmarks/logs/run_236_941.log,Execution failed with exit code 1: Failed to map qubit 24: No valid free non-magic node with safe passage was found.
945,2026-05-04,2026-05-04 17:27:29,adder_n64_transpiled,24,24,adder_n64_transpiled-24x24,gaussian,,coarse,1.5,0.5,1.5,0.5,0.8,1,,,cube,center_circle,5,0.9,congestion,normal_t_routing,196,false,success,0,3.873462,/home/federico/Desktop/Fault-Tolerant-Quantum-Compiler/benchmarks/logs/run_237_945.log,
949,2026-05-04,2026-05-04 17:27:33,adder_n64_transpiled,,,,gaussian,,coarse,1.5,0.5,1.5,0.5,0.8,1,,,connectivity,center_circle,5,0.9,congestion,normal_t_routing,,false,failed,1,2.053403,/home/federico/Desktop/Fault-Tolerant-Quantum-Compiler/benchmarks/logs/run_238_949.log,Execution failed with exit code 1: Failed to map qubit 24: No valid free non-magic node with safe passage was found.
961,2026-05-04,2026-05-04 17:27:37,cat_n130,31,31,cat_n130-31x31,gaussian,,coarse,1.5,0.5,1.5,0.5,0.8,1,,,cube,center_circle,5,0.7,naive,normal_t_routing,129,false,success,0,7.492831,/home/federico/Desktop/Fault-Tolerant-Quantum-Compiler/benchmarks/logs/run_241_961.log,
965,2026-05-04,2026-05-04 17:27:45,cat_n130,,,,gaussian,,coarse,1.5,0.5,1.5,0.5,0.8,1,,,connectivity,center_circle,5,0.7,naive,normal_t_routing,,false,failed,1,85.369370,/home/federico/Desktop/Fault-Tolerant-Quantum-Compiler/benchmarks/logs/run_242_965.log,Execution failed with exit code 1: Failed to map qubit 44: No valid free non-magic node with safe passage was found.
969,2026-05-04,2026-05-04 17:29:11,cat_n130,31,31,cat_n130-31x31,gaussian,,coarse,1.5,0.5,1.5,0.5,0.8,1,,,cube,center_circle,5,0.7,congestion,normal_t_routing,129,false,success,0,20.623879,/home/federico/Desktop/Fault-Tolerant-Quantum-Compiler/benchmarks/logs/run_243_969.log,
757,2026-05-04,2026-05-04 17:21:36,hhl_n10,7,7,hhl_n10-7x7,gaussian,,coarse,1.5,0.5,1.5,0.5,0.8,1,,,connectivity,center_circle,0,0.9,congestion,normal_t_routing,72149,false,success,0,479.222501,/home/federico/Desktop/Fault-Tolerant-Quantum-Compiler/benchmarks/logs/run_190_757.log,
985,2026-05-04,2026-05-04 17:29:37,cat_n130,,,,gaussian,,coarse,1.5,0.5,1.5,0.5,0.8,1,,,cube,center_circle,5,0.9,naive,normal_t_routing,,false,failed,1,10.088980,/home/federico/Desktop/Fault-Tolerant-Quantum-Compiler/benchmarks/logs/run_247_985.log,Execution failed with exit code 1: Routing made no progress at layer 41: no routeable gate found with current constraints.
989,2026-05-04,2026-05-04 17:29:47,cat_n130,27,27,cat_n130-27x27,gaussian,,coarse,1.5,0.5,1.5,0.5,0.8,1,,,connectivity,center_circle,5,0.9,naive,normal_t_routing,129,false,success,0,66.337815,/home/federico/Desktop/Fault-Tolerant-Quantum-Compiler/benchmarks/logs/run_248_989.log,
973,2026-05-04,2026-05-04 17:29:33,cat_n130,,,,gaussian,,coarse,1.5,0.5,1.5,0.5,0.8,1,,,connectivity,center_circle,5,0.7,congestion,normal_t_routing,,false,failed,1,82.340250,/home/federico/Desktop/Fault-Tolerant-Quantum-Compiler/benchmarks/logs/run_244_973.log,Execution failed with exit code 1: Failed to map qubit 44: No valid free non-magic node with safe passage was found.
993,2026-05-04,2026-05-04 17:30:54,cat_n130,,,,gaussian,,coarse,1.5,0.5,1.5,0.5,0.8,1,,,cube,center_circle,5,0.9,congestion,normal_t_routing,,false,failed,1,16.850234,/home/federico/Desktop/Fault-Tolerant-Quantum-Compiler/benchmarks/logs/run_249_993.log,Execution failed with exit code 1: Routing made no progress at layer 41: no routeable gate found with current constraints.
997,2026-05-04,2026-05-04 17:30:56,cat_n130,27,27,cat_n130-27x27,gaussian,,coarse,1.5,0.5,1.5,0.5,0.8,1,,,connectivity,center_circle,5,0.9,congestion,normal_t_routing,129,false,success,0,30.251119,/home/federico/Desktop/Fault-Tolerant-Quantum-Compiler/benchmarks/logs/run_250_997.log,
1009,2026-05-04,2026-05-04 17:31:13,ghz_n255,42,42,ghz_n255-42x42,gaussian,,coarse,1.5,0.5,1.5,0.5,0.8,1,,,cube,center_circle,5,0.7,naive,normal_t_routing,254,false,success,0,56.932302,/home/federico/Desktop/Fault-Tolerant-Quantum-Compiler/benchmarks/logs/run_253_1009.log,
1017,2026-05-04,2026-05-04 17:32:10,ghz_n255,42,42,ghz_n255-42x42,gaussian,,coarse,1.5,0.5,1.5,0.5,0.8,1,,,cube,center_circle,5,0.7,congestion,normal_t_routing,254,false,success,0,137.823655,/home/federico/Desktop/Fault-Tolerant-Quantum-Compiler/benchmarks/logs/run_255_1017.log,
1021,2026-05-04,2026-05-04 17:34:29,ghz_n255,36,36,ghz_n255-36x36,gaussian,,coarse,1.5,0.5,1.5,0.5,0.8,1,,,connectivity,center_circle,5,0.7,congestion,normal_t_routing,254,false,success,0,240.498172,/home/federico/Desktop/Fault-Tolerant-Quantum-Compiler/benchmarks/logs/run_256_1021.log,
1013,2026-05-04,2026-05-04 17:31:27,ghz_n255,36,36,ghz_n255-36x36,gaussian,,coarse,1.5,0.5,1.5,0.5,0.8,1,,,connectivity,center_circle,5,0.7,naive,normal_t_routing,254,false,success,0,425.808338,/home/federico/Desktop/Fault-Tolerant-Quantum-Compiler/benchmarks/logs/run_254_1013.log,
1033,2026-05-04,2026-05-04 17:38:31,ghz_n255,41,41,ghz_n255-41x41,gaussian,,coarse,1.5,0.5,1.5,0.5,0.8,1,,,cube,center_circle,5,0.9,naive,normal_t_routing,254,false,success,0,53.290469,/home/federico/Desktop/Fault-Tolerant-Quantum-Compiler/benchmarks/logs/run_259_1033.log,
1041,2026-05-04,2026-05-04 17:39:24,ghz_n255,41,41,ghz_n255-41x41,gaussian,,coarse,1.5,0.5,1.5,0.5,0.8,1,,,cube,center_circle,5,0.9,congestion,normal_t_routing,254,false,success,0,131.356985,/home/federico/Desktop/Fault-Tolerant-Quantum-Compiler/benchmarks/logs/run_261_1041.log,
1045,2026-05-04,2026-05-04 17:41:36,ghz_n255,38,38,ghz_n255-38x38,gaussian,,coarse,1.5,0.5,1.5,0.5,0.8,1,,,connectivity,center_circle,5,0.9,congestion,normal_t_routing,254,false,success,0,254.005864,/home/federico/Desktop/Fault-Tolerant-Quantum-Compiler/benchmarks/logs/run_262_1045.log,
1057,2026-05-04,2026-05-04 17:45:52,qaoa_n6_transpiled,9,9,qaoa_n6_transpiled-9x9,gaussian,,coarse,1.5,0.5,1.5,0.5,0.8,1,,,cube,center_circle,5,0.7,naive,normal_t_routing,33,false,success,0,0.024352,/home/federico/Desktop/Fault-Tolerant-Quantum-Compiler/benchmarks/logs/run_265_1057.log,
1061,2026-05-04,2026-05-04 17:45:53,qaoa_n6_transpiled,5,5,qaoa_n6_transpiled-5x5,gaussian,,coarse,1.5,0.5,1.5,0.5,0.8,1,,,connectivity,center_circle,5,0.7,naive,normal_t_routing,36,false,success,0,0.030115,/home/federico/Desktop/Fault-Tolerant-Quantum-Compiler/benchmarks/logs/run_266_1061.log,
1065,2026-05-04,2026-05-04 17:45:53,qaoa_n6_transpiled,9,9,qaoa_n6_transpiled-9x9,gaussian,,coarse,1.5,0.5,1.5,0.5,0.8,1,,,cube,center_circle,5,0.7,congestion,normal_t_routing,33,false,success,0,0.031914,/home/federico/Desktop/Fault-Tolerant-Quantum-Compiler/benchmarks/logs/run_267_1065.log,
1069,2026-05-04,2026-05-04 17:45:54,qaoa_n6_transpiled,5,5,qaoa_n6_transpiled-5x5,gaussian,,coarse,1.5,0.5,1.5,0.5,0.8,1,,,connectivity,center_circle,5,0.7,congestion,normal_t_routing,36,false,success,0,0.031448,/home/federico/Desktop/Fault-Tolerant-Quantum-Compiler/benchmarks/logs/run_268_1069.log,
1081,2026-05-04,2026-05-04 17:45:55,qaoa_n6_transpiled,9,9,qaoa_n6_transpiled-9x9,gaussian,,coarse,1.5,0.5,1.5,0.5,0.8,1,,,cube,center_circle,5,0.9,naive,normal_t_routing,33,false,success,0,0.024151,/home/federico/Desktop/Fault-Tolerant-Quantum-Compiler/benchmarks/logs/run_271_1081.log,
1085,2026-05-04,2026-05-04 17:45:56,qaoa_n6_transpiled,6,6,qaoa_n6_transpiled-6x6,gaussian,,coarse,1.5,0.5,1.5,0.5,0.8,1,,,connectivity,center_circle,5,0.9,naive,normal_t_routing,39,false,success,0,0.025110,/home/federico/Desktop/Fault-Tolerant-Quantum-Compiler/benchmarks/logs/run_272_1085.log,
1089,2026-05-04,2026-05-04 17:45:56,qaoa_n6_transpiled,9,9,qaoa_n6_transpiled-9x9,gaussian,,coarse,1.5,0.5,1.5,0.5,0.8,1,,,cube,center_circle,5,0.9,congestion,normal_t_routing,33,false,success,0,0.032022,/home/federico/Desktop/Fault-Tolerant-Quantum-Compiler/benchmarks/logs/run_273_1089.log,
1093,2026-05-04,2026-05-04 17:45:57,qaoa_n6_transpiled,6,6,qaoa_n6_transpiled-6x6,gaussian,,coarse,1.5,0.5,1.5,0.5,0.8,1,,,connectivity,center_circle,5,0.9,congestion,normal_t_routing,39,false,success,0,0.028481,/home/federico/Desktop/Fault-Tolerant-Quantum-Compiler/benchmarks/logs/run_274_1093.log,
1105,2026-05-04,2026-05-04 17:45:59,wstate_n27,,,,gaussian,,coarse,1.5,0.5,1.5,0.5,0.8,1,,,cube,center_circle,5,0.7,naive,normal_t_routing,,false,failed,1,0.061486,/home/federico/Desktop/Fault-Tolerant-Quantum-Compiler/benchmarks/logs/run_277_1105.log,Execution failed with exit code 1: Failed to map qubit 25: No valid free non-magic node with safe passage was found.
1109,2026-05-04,2026-05-04 17:45:59,wstate_n27,12,12,wstate_n27-12x12,gaussian,,coarse,1.5,0.5,1.5,0.5,0.8,1,,,connectivity,center_circle,5,0.7,naive,normal_t_routing,28,false,success,0,0.127212,/home/federico/Desktop/Fault-Tolerant-Quantum-Compiler/benchmarks/logs/run_278_1109.log,
1113,2026-05-04,2026-05-04 17:46:00,wstate_n27,,,,gaussian,,coarse,1.5,0.5,1.5,0.5,0.8,1,,,cube,center_circle,5,0.7,congestion,normal_t_routing,,false,failed,1,0.061723,/home/federico/Desktop/Fault-Tolerant-Quantum-Compiler/benchmarks/logs/run_279_1113.log,Execution failed with exit code 1: Failed to map qubit 25: No valid free non-magic node with safe passage was found.
1117,2026-05-04,2026-05-04 17:46:01,wstate_n27,12,12,wstate_n27-12x12,gaussian,,coarse,1.5,0.5,1.5,0.5,0.8,1,,,connectivity,center_circle,5,0.7,congestion,normal_t_routing,28,false,success,0,0.143789,/home/federico/Desktop/Fault-Tolerant-Quantum-Compiler/benchmarks/logs/run_280_1117.log,
1129,2026-05-04,2026-05-04 17:46:03,wstate_n27,,,,gaussian,,coarse,1.5,0.5,1.5,0.5,0.8,1,,,cube,center_circle,5,0.9,naive,normal_t_routing,,false,failed,1,0.069069,/home/federico/Desktop/Fault-Tolerant-Quantum-Compiler/benchmarks/logs/run_283_1129.log,Execution failed with exit code 1: Failed to map qubit 25: No valid free non-magic node with safe passage was found.
1133,2026-05-04,2026-05-04 17:46:04,wstate_n27,12,12,wstate_n27-12x12,gaussian,,coarse,1.5,0.5,1.5,0.5,0.8,1,,,connectivity,center_circle,5,0.9,naive,normal_t_routing,28,false,success,0,0.254337,/home/federico/Desktop/Fault-Tolerant-Quantum-Compiler/benchmarks/logs/run_284_1133.log,
1137,2026-05-04,2026-05-04 17:46:05,wstate_n27,,,,gaussian,,coarse,1.5,0.5,1.5,0.5,0.8,1,,,cube,center_circle,5,0.9,congestion,normal_t_routing,,false,failed,1,0.063976,/home/federico/Desktop/Fault-Tolerant-Quantum-Compiler/benchmarks/logs/run_285_1137.log,Execution failed with exit code 1: Failed to map qubit 25: No valid free non-magic node with safe passage was found.
1141,2026-05-04,2026-05-04 17:46:05,wstate_n27,12,12,wstate_n27-12x12,gaussian,,coarse,1.5,0.5,1.5,0.5,0.8,1,,,connectivity,center_circle,5,0.9,congestion,normal_t_routing,28,false,success,0,0.243572,/home/federico/Desktop/Fault-Tolerant-Quantum-Compiler/benchmarks/logs/run_286_1141.log,
1153,2026-05-04,2026-05-04 17:46:07,bigadder_n18_transpiled,,,,gaussian,,coarse,1.5,0.5,1.5,0.5,0.8,1,,,cube,center_circle,5,0.7,naive,normal_t_routing,,false,failed,1,0.034318,/home/federico/Desktop/Fault-Tolerant-Quantum-Compiler/benchmarks/logs/run_289_1153.log,Execution failed with exit code 1: Failed to map qubit 10: No valid free non-magic node with safe passage was found.
1157,2026-05-04,2026-05-04 17:46:08,bigadder_n18_transpiled,,,,gaussian,,coarse,1.5,0.5,1.5,0.5,0.8,1,,,connectivity,center_circle,5,0.7,naive,normal_t_routing,,false,failed,1,0.181698,/home/federico/Desktop/Fault-Tolerant-Quantum-Compiler/benchmarks/logs/run_290_1157.log,Execution failed with exit code 1: Failed to map qubit 15: No valid free non-magic node with safe passage was found.
1161,2026-05-04,2026-05-04 17:46:08,bigadder_n18_transpiled,,,,gaussian,,coarse,1.5,0.5,1.5,0.5,0.8,1,,,cube,center_circle,5,0.7,congestion,normal_t_routing,,false,failed,1,0.033810,/home/federico/Desktop/Fault-Tolerant-Quantum-Compiler/benchmarks/logs/run_291_1161.log,Execution failed with exit code 1: Failed to map qubit 10: No valid free non-magic node with safe passage was found.
1165,2026-05-04,2026-05-04 17:46:09,bigadder_n18_transpiled,,,,gaussian,,coarse,1.5,0.5,1.5,0.5,0.8,1,,,connectivity,center_circle,5,0.7,congestion,normal_t_routing,,false,failed,1,0.235648,/home/federico/Desktop/Fault-Tolerant-Quantum-Compiler/benchmarks/logs/run_292_1165.log,Execution failed with exit code 1: Failed to map qubit 15: No valid free non-magic node with safe passage was found.
1177,2026-05-04,2026-05-04 17:46:11,bigadder_n18_transpiled,,,,gaussian,,coarse,1.5,0.5,1.5,0.5,0.8,1,,,cube,center_circle,5,0.9,naive,normal_t_routing,,false,failed,1,0.040682,/home/federico/Desktop/Fault-Tolerant-Quantum-Compiler/benchmarks/logs/run_295_1177.log,Execution failed with exit code 1: Failed to map qubit 16: No valid free non-magic node with safe passage was found.
1181,2026-05-04,2026-05-04 17:46:11,bigadder_n18_transpiled,,,,gaussian,,coarse,1.5,0.5,1.5,0.5,0.8,1,,,connectivity,center_circle,5,0.9,naive,normal_t_routing,,false,failed,1,0.178789,/home/federico/Desktop/Fault-Tolerant-Quantum-Compiler/benchmarks/logs/run_296_1181.log,Execution failed with exit code 1: Failed to map qubit 15: No valid free non-magic node with safe passage was found.
1185,2026-05-04,2026-05-04 17:46:12,bigadder_n18_transpiled,,,,gaussian,,coarse,1.5,0.5,1.5,0.5,0.8,1,,,cube,center_circle,5,0.9,congestion,normal_t_routing,,false,failed,1,0.039766,/home/federico/Desktop/Fault-Tolerant-Quantum-Compiler/benchmarks/logs/run_297_1185.log,Execution failed with exit code 1: Failed to map qubit 16: No valid free non-magic node with safe passage was found.
1189,2026-05-04,2026-05-04 17:46:12,bigadder_n18_transpiled,,,,gaussian,,coarse,1.5,0.5,1.5,0.5,0.8,1,,,connectivity,center_circle,5,0.9,congestion,normal_t_routing,,false,failed,1,0.181321,/home/federico/Desktop/Fault-Tolerant-Quantum-Compiler/benchmarks/logs/run_298_1189.log,Execution failed with exit code 1: Failed to map qubit 15: No valid free non-magic node with safe passage was found.
1201,2026-05-04,2026-05-04 17:46:14,adder_n4,8,8,adder_n4-8x8,gaussian,,coarse,1.5,0.5,1.5,0.5,0.8,1,,,cube,center_circle,5,0.7,naive,normal_t_routing,9,false,success,0,0.014977,/home/federico/Desktop/Fault-Tolerant-Quantum-Compiler/benchmarks/logs/run_301_1201.log,
1205,2026-05-04,2026-05-04 17:46:15,adder_n4,5,5,adder_n4-5x5,gaussian,,coarse,1.5,0.5,1.5,0.5,0.8,1,,,connectivity,center_circle,5,0.7,naive,normal_t_routing,9,false,success,0,0.014945,/home/federico/Desktop/Fault-Tolerant-Quantum-Compiler/benchmarks/logs/run_302_1205.log,
1209,2026-05-04,2026-05-04 17:46:15,adder_n4,8,8,adder_n4-8x8,gaussian,,coarse,1.5,0.5,1.5,0.5,0.8,1,,,cube,center_circle,5,0.7,congestion,normal_t_routing,9,false,success,0,0.018724,/home/federico/Desktop/Fault-Tolerant-Quantum-Compiler/benchmarks/logs/run_303_1209.log,
1213,2026-05-04,2026-05-04 17:46:16,adder_n4,5,5,adder_n4-5x5,gaussian,,coarse,1.5,0.5,1.5,0.5,0.8,1,,,connectivity,center_circle,5,0.7,congestion,normal_t_routing,9,false,success,0,0.014840,/home/federico/Desktop/Fault-Tolerant-Quantum-Compiler/benchmarks/logs/run_304_1213.log,
1225,2026-05-04,2026-05-04 17:46:18,adder_n4,8,8,adder_n4-8x8,gaussian,,coarse,1.5,0.5,1.5,0.5,0.8,1,,,cube,center_circle,5,0.9,naive,normal_t_routing,8,false,success,0,0.015380,/home/federico/Desktop/Fault-Tolerant-Quantum-Compiler/benchmarks/logs/run_307_1225.log,
1229,2026-05-04,2026-05-04 17:46:18,adder_n4,5,5,adder_n4-5x5,gaussian,,coarse,1.5,0.5,1.5,0.5,0.8,1,,,connectivity,center_circle,5,0.9,naive,normal_t_routing,8,false,success,0,0.014149,/home/federico/Desktop/Fault-Tolerant-Quantum-Compiler/benchmarks/logs/run_308_1229.log,
1233,2026-05-04,2026-05-04 17:46:19,adder_n4,8,8,adder_n4-8x8,gaussian,,coarse,1.5,0.5,1.5,0.5,0.8,1,,,cube,center_circle,5,0.9,congestion,normal_t_routing,8,false,success,0,0.019726,/home/federico/Desktop/Fault-Tolerant-Quantum-Compiler/benchmarks/logs/run_309_1233.log,
1237,2026-05-04,2026-05-04 17:46:19,adder_n4,5,5,adder_n4-5x5,gaussian,,coarse,1.5,0.5,1.5,0.5,0.8,1,,,connectivity,center_circle,5,0.9,congestion,normal_t_routing,8,false,success,0,0.015160,/home/federico/Desktop/Fault-Tolerant-Quantum-Compiler/benchmarks/logs/run_310_1237.log,
1249,2026-05-04,2026-05-04 17:46:21,toffoli_n3,7,7,toffoli_n3-7x7,gaussian,,coarse,1.5,0.5,1.5,0.5,0.8,1,,,cube,center_circle,5,0.7,naive,normal_t_routing,11,false,success,0,0.012571,/home/federico/Desktop/Fault-Tolerant-Quantum-Compiler/benchmarks/logs/run_313_1249.log,
1253,2026-05-04,2026-05-04 17:46:21,toffoli_n3,4,4,toffoli_n3-4x4,gaussian,,coarse,1.5,0.5,1.5,0.5,0.8,1,,,connectivity,center_circle,5,0.7,naive,normal_t_routing,11,false,success,0,0.012175,/home/federico/Desktop/Fault-Tolerant-Quantum-Compiler/benchmarks/logs/run_314_1253.log,
1257,2026-05-04,2026-05-04 17:46:22,toffoli_n3,7,7,toffoli_n3-7x7,gaussian,,coarse,1.5,0.5,1.5,0.5,0.8,1,,,cube,center_circle,5,0.7,congestion,normal_t_routing,11,false,success,0,0.013676,/home/federico/Desktop/Fault-Tolerant-Quantum-Compiler/benchmarks/logs/run_315_1257.log,
1261,2026-05-04,2026-05-04 17:46:22,toffoli_n3,4,4,toffoli_n3-4x4,gaussian,,coarse,1.5,0.5,1.5,0.5,0.8,1,,,connectivity,center_circle,5,0.7,congestion,normal_t_routing,11,false,success,0,0.011954,/home/federico/Desktop/Fault-Tolerant-Quantum-Compiler/benchmarks/logs/run_316_1261.log,
1273,2026-05-04,2026-05-04 17:46:24,toffoli_n3,8,8,toffoli_n3-8x8,gaussian,,coarse,1.5,0.5,1.5,0.5,0.8,1,,,cube,center_circle,5,0.9,naive,normal_t_routing,11,false,success,0,0.013878,/home/federico/Desktop/Fault-Tolerant-Quantum-Compiler/benchmarks/logs/run_319_1273.log,
1277,2026-05-04,2026-05-04 17:46:25,toffoli_n3,4,4,toffoli_n3-4x4,gaussian,,coarse,1.5,0.5,1.5,0.5,0.8,1,,,connectivity,center_circle,5,0.9,naive,normal_t_routing,11,false,success,0,0.011819,/home/federico/Desktop/Fault-Tolerant-Quantum-Compiler/benchmarks/logs/run_320_1277.log,
1281,2026-05-04,2026-05-04 17:46:25,toffoli_n3,8,8,toffoli_n3-8x8,gaussian,,coarse,1.5,0.5,1.5,0.5,0.8,1,,,cube,center_circle,5,0.9,congestion,normal_t_routing,11,false,success,0,0.017106,/home/federico/Desktop/Fault-Tolerant-Quantum-Compiler/benchmarks/logs/run_321_1281.log,
1285,2026-05-04,2026-05-04 17:46:26,toffoli_n3,4,4,toffoli_n3-4x4,gaussian,,coarse,1.5,0.5,1.5,0.5,0.8,1,,,connectivity,center_circle,5,0.9,congestion,normal_t_routing,11,false,success,0,0.012204,/home/federico/Desktop/Fault-Tolerant-Quantum-Compiler/benchmarks/logs/run_322_1285.log,
1297,2026-05-04,2026-05-04 17:46:27,fredkin_n3,7,7,fredkin_n3-7x7,gaussian,,coarse,1.5,0.5,1.5,0.5,0.8,1,,,cube,center_circle,5,0.7,naive,normal_t_routing,10,false,success,0,0.013212,/home/federico/Desktop/Fault-Tolerant-Quantum-Compiler/benchmarks/logs/run_325_1297.log,
1301,2026-05-04,2026-05-04 17:46:28,fredkin_n3,4,4,fredkin_n3-4x4,gaussian,,coarse,1.5,0.5,1.5,0.5,0.8,1,,,connectivity,center_circle,5,0.7,naive,normal_t_routing,10,false,success,0,0.011894,/home/federico/Desktop/Fault-Tolerant-Quantum-Compiler/benchmarks/logs/run_326_1301.log,
1305,2026-05-04,2026-05-04 17:46:29,fredkin_n3,7,7,fredkin_n3-7x7,gaussian,,coarse,1.5,0.5,1.5,0.5,0.8,1,,,cube,center_circle,5,0.7,congestion,normal_t_routing,10,false,success,0,0.015551,/home/federico/Desktop/Fault-Tolerant-Quantum-Compiler/benchmarks/logs/run_327_1305.log,
1309,2026-05-04,2026-05-04 17:46:29,fredkin_n3,4,4,fredkin_n3-4x4,gaussian,,coarse,1.5,0.5,1.5,0.5,0.8,1,,,connectivity,center_circle,5,0.7,congestion,normal_t_routing,10,false,success,0,0.012236,/home/federico/Desktop/Fault-Tolerant-Quantum-Compiler/benchmarks/logs/run_328_1309.log,
1321,2026-05-04,2026-05-04 17:46:31,fredkin_n3,8,8,fredkin_n3-8x8,gaussian,,coarse,1.5,0.5,1.5,0.5,0.8,1,,,cube,center_circle,5,0.9,naive,normal_t_routing,10,false,success,0,0.014710,/home/federico/Desktop/Fault-Tolerant-Quantum-Compiler/benchmarks/logs/run_331_1321.log,
1325,2026-05-04,2026-05-04 17:46:31,fredkin_n3,4,4,fredkin_n3-4x4,gaussian,,coarse,1.5,0.5,1.5,0.5,0.8,1,,,connectivity,center_circle,5,0.9,naive,normal_t_routing,10,false,success,0,0.011901,/home/federico/Desktop/Fault-Tolerant-Quantum-Compiler/benchmarks/logs/run_332_1325.log,
1329,2026-05-04,2026-05-04 17:46:32,fredkin_n3,8,8,fredkin_n3-8x8,gaussian,,coarse,1.5,0.5,1.5,0.5,0.8,1,,,cube,center_circle,5,0.9,congestion,normal_t_routing,10,false,success,0,0.017914,/home/federico/Desktop/Fault-Tolerant-Quantum-Compiler/benchmarks/logs/run_333_1329.log,
1333,2026-05-04,2026-05-04 17:46:32,fredkin_n3,4,4,fredkin_n3-4x4,gaussian,,coarse,1.5,0.5,1.5,0.5,0.8,1,,,connectivity,center_circle,5,0.9,congestion,normal_t_routing,10,false,success,0,0.012822,/home/federico/Desktop/Fault-Tolerant-Quantum-Compiler/benchmarks/logs/run_334_1333.log,
1345,2026-05-04,2026-05-04 17:46:34,qft_n18,,,,gaussian,,coarse,1.5,0.5,1.5,0.5,0.8,1,,,cube,center_circle,5,0.7,naive,normal_t_routing,,false,failed,1,0.042462,/home/federico/Desktop/Fault-Tolerant-Quantum-Compiler/benchmarks/logs/run_337_1345.log,Execution failed with exit code 1: Failed to map qubit 2: No valid free non-magic node with safe passage was found.
1349,2026-05-04,2026-05-04 17:46:35,qft_n18,10,10,qft_n18-10x10,gaussian,,coarse,1.5,0.5,1.5,0.5,0.8,1,,,connectivity,center_circle,5,0.7,naive,normal_t_routing,168,false,success,0,0.874512,/home/federico/Desktop/Fault-Tolerant-Quantum-Compiler/benchmarks/logs/run_338_1349.log,
1353,2026-05-04,2026-05-04 17:46:36,qft_n18,,,,gaussian,,coarse,1.5,0.5,1.5,0.5,0.8,1,,,cube,center_circle,5,0.7,congestion,normal_t_routing,,false,failed,1,0.043315,/home/federico/Desktop/Fault-Tolerant-Quantum-Compiler/benchmarks/logs/run_339_1353.log,Execution failed with exit code 1: Failed to map qubit 2: No valid free non-magic node with safe passage was found.
1037,2026-05-04,2026-05-04 17:38:33,ghz_n255,38,38,ghz_n255-38x38,gaussian,,coarse,1.5,0.5,1.5,0.5,0.8,1,,,connectivity,center_circle,5,0.9,naive,normal_t_routing,254,false,success,0,484.064523,/home/federico/Desktop/Fault-Tolerant-Quantum-Compiler/benchmarks/logs/run_260_1037.log,
1357,2026-05-04,2026-05-04 17:46:37,qft_n18,10,10,qft_n18-10x10,gaussian,,coarse,1.5,0.5,1.5,0.5,0.8,1,,,connectivity,center_circle,5,0.7,congestion,normal_t_routing,163,false,success,0,0.901565,/home/federico/Desktop/Fault-Tolerant-Quantum-Compiler/benchmarks/logs/run_340_1357.log,
1369,2026-05-04,2026-05-04 17:46:39,qft_n18,,,,gaussian,,coarse,1.5,0.5,1.5,0.5,0.8,1,,,cube,center_circle,5,0.9,naive,normal_t_routing,,false,failed,1,0.046508,/home/federico/Desktop/Fault-Tolerant-Quantum-Compiler/benchmarks/logs/run_343_1369.log,Execution failed with exit code 1: Failed to map qubit 0: No valid free non-magic node with safe passage was found.
1377,2026-05-04,2026-05-04 17:46:40,qft_n18,,,,gaussian,,coarse,1.5,0.5,1.5,0.5,0.8,1,,,cube,center_circle,5,0.9,congestion,normal_t_routing,,false,failed,1,0.047691,/home/federico/Desktop/Fault-Tolerant-Quantum-Compiler/benchmarks/logs/run_345_1377.log,Execution failed with exit code 1: Failed to map qubit 0: No valid free non-magic node with safe passage was found.
1373,2026-05-04,2026-05-04 17:46:39,qft_n18,10,10,qft_n18-10x10,gaussian,,coarse,1.5,0.5,1.5,0.5,0.8,1,,,connectivity,center_circle,5,0.9,naive,normal_t_routing,165,false,success,0,0.823575,/home/federico/Desktop/Fault-Tolerant-Quantum-Compiler/benchmarks/logs/run_344_1373.log,
1381,2026-05-04,2026-05-04 17:46:40,qft_n18,10,10,qft_n18-10x10,gaussian,,coarse,1.5,0.5,1.5,0.5,0.8,1,,,connectivity,center_circle,5,0.9,congestion,normal_t_routing,163,false,success,0,0.861490,/home/federico/Desktop/Fault-Tolerant-Quantum-Compiler/benchmarks/logs/run_346_1381.log,
1393,2026-05-04,2026-05-04 17:46:42,ising_n26,,,,gaussian,,coarse,1.5,0.5,1.5,0.5,0.8,1,,,cube,center_circle,5,0.7,naive,normal_t_routing,,false,failed,1,0.054777,/home/federico/Desktop/Fault-Tolerant-Quantum-Compiler/benchmarks/logs/run_349_1393.log,Execution failed with exit code 1: Failed to map qubit 1: No valid free non-magic node with safe passage was found.
1397,2026-05-04,2026-05-04 17:46:42,ising_n26,12,12,ising_n26-12x12,gaussian,,coarse,1.5,0.5,1.5,0.5,0.8,1,,,connectivity,center_circle,5,0.7,naive,normal_t_routing,4,false,success,0,0.138457,/home/federico/Desktop/Fault-Tolerant-Quantum-Compiler/benchmarks/logs/run_350_1397.log,
1401,2026-05-04,2026-05-04 17:46:43,ising_n26,,,,gaussian,,coarse,1.5,0.5,1.5,0.5,0.8,1,,,cube,center_circle,5,0.7,congestion,normal_t_routing,,false,failed,1,0.054571,/home/federico/Desktop/Fault-Tolerant-Quantum-Compiler/benchmarks/logs/run_351_1401.log,Execution failed with exit code 1: Failed to map qubit 1: No valid free non-magic node with safe passage was found.
1405,2026-05-04,2026-05-04 17:46:44,ising_n26,12,12,ising_n26-12x12,gaussian,,coarse,1.5,0.5,1.5,0.5,0.8,1,,,connectivity,center_circle,5,0.7,congestion,normal_t_routing,4,false,success,0,0.142175,/home/federico/Desktop/Fault-Tolerant-Quantum-Compiler/benchmarks/logs/run_352_1405.log,
1417,2026-05-04,2026-05-04 17:46:45,ising_n26,16,16,ising_n26-16x16,gaussian,,coarse,1.5,0.5,1.5,0.5,0.8,1,,,cube,center_circle,5,0.9,naive,normal_t_routing,6,false,success,0,0.169422,/home/federico/Desktop/Fault-Tolerant-Quantum-Compiler/benchmarks/logs/run_355_1417.log,
1421,2026-05-04,2026-05-04 17:46:46,ising_n26,12,12,ising_n26-12x12,gaussian,,coarse,1.5,0.5,1.5,0.5,0.8,1,,,connectivity,center_circle,5,0.9,naive,normal_t_routing,6,false,success,0,0.217948,/home/federico/Desktop/Fault-Tolerant-Quantum-Compiler/benchmarks/logs/run_356_1421.log,
1425,2026-05-04,2026-05-04 17:46:46,ising_n26,16,16,ising_n26-16x16,gaussian,,coarse,1.5,0.5,1.5,0.5,0.8,1,,,cube,center_circle,5,0.9,congestion,normal_t_routing,6,false,success,0,0.302328,/home/federico/Desktop/Fault-Tolerant-Quantum-Compiler/benchmarks/logs/run_357_1425.log,
1429,2026-05-04,2026-05-04 17:46:47,ising_n26,12,12,ising_n26-12x12,gaussian,,coarse,1.5,0.5,1.5,0.5,0.8,1,,,connectivity,center_circle,5,0.9,congestion,normal_t_routing,8,false,success,0,0.237778,/home/federico/Desktop/Fault-Tolerant-Quantum-Compiler/benchmarks/logs/run_358_1429.log,
1441,2026-05-04,2026-05-04 17:46:49,bwt_n21,,,,gaussian,,coarse,1.5,0.5,1.5,0.5,0.8,1,,,cube,center_circle,5,0.7,naive,normal_t_routing,,false,failed,1,8.121387,/home/federico/Desktop/Fault-Tolerant-Quantum-Compiler/benchmarks/logs/run_361_1441.log,Execution failed with exit code 1: Failed to map qubit 18: No valid free non-magic node with safe passage was found.
1449,2026-05-04,2026-05-04 17:46:57,bwt_n21,,,,gaussian,,coarse,1.5,0.5,1.5,0.5,0.8,1,,,cube,center_circle,5,0.7,congestion,normal_t_routing,,false,failed,1,9.038072,/home/federico/Desktop/Fault-Tolerant-Quantum-Compiler/benchmarks/logs/run_363_1449.log,Execution failed with exit code 1: Failed to map qubit 18: No valid free non-magic node with safe passage was found.
1445,2026-05-04,2026-05-04 17:46:49,bwt_n21,,,,gaussian,,coarse,1.5,0.5,1.5,0.5,0.8,1,,,connectivity,center_circle,5,0.7,naive,normal_t_routing,,true,timeout,124,600.012274,/home/federico/Desktop/Fault-Tolerant-Quantum-Compiler/benchmarks/logs/run_362_1445.log,Execution exceeded timeout of 600.000s
1453,2026-05-04,2026-05-04 17:47:07,bwt_n21,,,,gaussian,,coarse,1.5,0.5,1.5,0.5,0.8,1,,,connectivity,center_circle,5,0.7,congestion,normal_t_routing,,true,timeout,124,600.010766,/home/federico/Desktop/Fault-Tolerant-Quantum-Compiler/benchmarks/logs/run_364_1453.log,Execution exceeded timeout of 600.000s
1465,2026-05-04,2026-05-04 17:56:51,bwt_n21,,,,gaussian,,coarse,1.5,0.5,1.5,0.5,0.8,1,,,cube,center_circle,5,0.9,naive,normal_t_routing,,true,timeout,124,600.012681,/home/federico/Desktop/Fault-Tolerant-Quantum-Compiler/benchmarks/logs/run_367_1465.log,Execution exceeded timeout of 600.000s
1469,2026-05-04,2026-05-04 17:57:07,bwt_n21,,,,gaussian,,coarse,1.5,0.5,1.5,0.5,0.8,1,,,connectivity,center_circle,5,0.9,naive,normal_t_routing,,true,timeout,124,600.010172,/home/federico/Desktop/Fault-Tolerant-Quantum-Compiler/benchmarks/logs/run_368_1469.log,Execution exceeded timeout of 600.000s
1473,2026-05-04,2026-05-04 18:06:51,bwt_n21,,,,gaussian,,coarse,1.5,0.5,1.5,0.5,0.8,1,,,cube,center_circle,5,0.9,congestion,normal_t_routing,,true,timeout,124,600.012784,/home/federico/Desktop/Fault-Tolerant-Quantum-Compiler/benchmarks/logs/run_369_1473.log,Execution exceeded timeout of 600.000s
1477,2026-05-04,2026-05-04 18:07:08,bwt_n21,,,,gaussian,,coarse,1.5,0.5,1.5,0.5,0.8,1,,,connectivity,center_circle,5,0.9,congestion,normal_t_routing,,true,timeout,124,600.010602,/home/federico/Desktop/Fault-Tolerant-Quantum-Compiler/benchmarks/logs/run_370_1477.log,Execution exceeded timeout of 600.000s
1489,2026-05-04,2026-05-04 18:16:53,factor247_n15,,,,gaussian,,coarse,1.5,0.5,1.5,0.5,0.8,1,,,cube,center_circle,5,0.7,naive,normal_t_routing,,true,timeout,124,600.027253,/home/federico/Desktop/Fault-Tolerant-Quantum-Compiler/benchmarks/logs/run_373_1489.log,Execution exceeded timeout of 600.000s
1493,2026-05-04,2026-05-04 18:17:09,factor247_n15,,,,gaussian,,coarse,1.5,0.5,1.5,0.5,0.8,1,,,connectivity,center_circle,5,0.7,naive,normal_t_routing,,true,timeout,124,600.023011,/home/federico/Desktop/Fault-Tolerant-Quantum-Compiler/benchmarks/logs/run_374_1493.log,Execution exceeded timeout of 600.000s
1497,2026-05-04,2026-05-04 18:26:54,factor247_n15,,,,gaussian,,coarse,1.5,0.5,1.5,0.5,0.8,1,,,cube,center_circle,5,0.7,congestion,normal_t_routing,,true,timeout,124,600.028911,/home/federico/Desktop/Fault-Tolerant-Quantum-Compiler/benchmarks/logs/run_375_1497.log,Execution exceeded timeout of 600.000s
1501,2026-05-04,2026-05-04 18:27:09,factor247_n15,,,,gaussian,,coarse,1.5,0.5,1.5,0.5,0.8,1,,,connectivity,center_circle,5,0.7,congestion,normal_t_routing,,true,timeout,124,600.021401,/home/federico/Desktop/Fault-Tolerant-Quantum-Compiler/benchmarks/logs/run_376_1501.log,Execution exceeded timeout of 600.000s
1513,2026-05-04,2026-05-04 18:36:55,factor247_n15,,,,gaussian,,coarse,1.5,0.5,1.5,0.5,0.8,1,,,cube,center_circle,5,0.9,naive,normal_t_routing,,true,timeout,124,600.027752,/home/federico/Desktop/Fault-Tolerant-Quantum-Compiler/benchmarks/logs/run_379_1513.log,Execution exceeded timeout of 600.000s
1517,2026-05-04,2026-05-04 18:37:10,factor247_n15,,,,gaussian,,coarse,1.5,0.5,1.5,0.5,0.8,1,,,connectivity,center_circle,5,0.9,naive,normal_t_routing,,true,timeout,124,600.022452,/home/federico/Desktop/Fault-Tolerant-Quantum-Compiler/benchmarks/logs/run_380_1517.log,Execution exceeded timeout of 600.000s
1521,2026-05-04,2026-05-04 18:46:56,factor247_n15,,,,gaussian,,coarse,1.5,0.5,1.5,0.5,0.8,1,,,cube,center_circle,5,0.9,congestion,normal_t_routing,,true,timeout,124,600.029751,/home/federico/Desktop/Fault-Tolerant-Quantum-Compiler/benchmarks/logs/run_381_1521.log,Execution exceeded timeout of 600.000s
1525,2026-05-04,2026-05-04 18:47:10,factor247_n15,,,,gaussian,,coarse,1.5,0.5,1.5,0.5,0.8,1,,,connectivity,center_circle,5,0.9,congestion,normal_t_routing,,true,timeout,124,600.026588,/home/federico/Desktop/Fault-Tolerant-Quantum-Compiler/benchmarks/logs/run_382_1525.log,Execution exceeded timeout of 600.000s
1537,2026-05-04,2026-05-04 18:56:58,hhl_n10,11,11,hhl_n10-11x11,gaussian,,coarse,1.5,0.5,1.5,0.5,0.8,1,,,cube,center_circle,5,0.7,naive,normal_t_routing,72043,false,success,0,429.646992,/home/federico/Desktop/Fault-Tolerant-Quantum-Compiler/benchmarks/logs/run_385_1537.log,
1541,2026-05-04,2026-05-04 18:57:11,hhl_n10,7,7,hhl_n10-7x7,gaussian,,coarse,1.5,0.5,1.5,0.5,0.8,1,,,connectivity,center_circle,5,0.7,naive,normal_t_routing,72147,false,success,0,498.852733,/home/federico/Desktop/Fault-Tolerant-Quantum-Compiler/benchmarks/logs/run_386_1541.log,
1545,2026-05-04,2026-05-04 19:04:08,hhl_n10,11,11,hhl_n10-11x11,gaussian,,coarse,1.5,0.5,1.5,0.5,0.8,1,,,cube,center_circle,5,0.7,congestion,normal_t_routing,72046,false,success,0,446.840760,/home/federico/Desktop/Fault-Tolerant-Quantum-Compiler/benchmarks/logs/run_387_1545.log,
1549,2026-05-04,2026-05-04 19:05:30,hhl_n10,7,7,hhl_n10-7x7,gaussian,,coarse,1.5,0.5,1.5,0.5,0.8,1,,,connectivity,center_circle,5,0.7,congestion,normal_t_routing,72147,false,success,0,502.032451,/home/federico/Desktop/Fault-Tolerant-Quantum-Compiler/benchmarks/logs/run_388_1549.log,
1561,2026-05-04,2026-05-04 19:11:36,hhl_n10,11,11,hhl_n10-11x11,gaussian,,coarse,1.5,0.5,1.5,0.5,0.8,1,,,cube,center_circle,5,0.9,naive,normal_t_routing,72039,false,success,0,432.035770,/home/federico/Desktop/Fault-Tolerant-Quantum-Compiler/benchmarks/logs/run_391_1561.log,
1565,2026-05-04,2026-05-04 19:13:53,hhl_n10,8,8,hhl_n10-8x8,gaussian,,coarse,1.5,0.5,1.5,0.5,0.8,1,,,connectivity,center_circle,5,0.9,naive,normal_t_routing,72113,false,success,0,483.547050,/home/federico/Desktop/Fault-Tolerant-Quantum-Compiler/benchmarks/logs/run_392_1565.log,
1569,2026-05-04,2026-05-04 19:18:49,hhl_n10,11,11,hhl_n10-11x11,gaussian,,coarse,1.5,0.5,1.5,0.5,0.8,1,,,cube,center_circle,5,0.9,congestion,normal_t_routing,72039,false,success,0,448.847325,/home/federico/Desktop/Fault-Tolerant-Quantum-Compiler/benchmarks/logs/run_393_1569.log,
1585,2026-05-04,2026-05-04 19:26:19,vqe_uccsd_n8,10,10,vqe_uccsd_n8-10x10,gaussian,,coarse,1.5,0.5,1.5,0.5,0.8,1,,,cube,center_circle,5,0.7,naive,normal_t_routing,5446,false,success,0,2.472491,/home/federico/Desktop/Fault-Tolerant-Quantum-Compiler/benchmarks/logs/run_397_1585.log,
1589,2026-05-04,2026-05-04 19:26:22,vqe_uccsd_n8,6,6,vqe_uccsd_n8-6x6,gaussian,,coarse,1.5,0.5,1.5,0.5,0.8,1,,,connectivity,center_circle,5,0.7,naive,normal_t_routing,5446,false,success,0,4.481855,/home/federico/Desktop/Fault-Tolerant-Quantum-Compiler/benchmarks/logs/run_398_1589.log,
1593,2026-05-04,2026-05-04 19:26:27,vqe_uccsd_n8,10,10,vqe_uccsd_n8-10x10,gaussian,,coarse,1.5,0.5,1.5,0.5,0.8,1,,,cube,center_circle,5,0.7,congestion,normal_t_routing,5446,false,success,0,3.478348,/home/federico/Desktop/Fault-Tolerant-Quantum-Compiler/benchmarks/logs/run_399_1593.log,
1597,2026-05-04,2026-05-04 19:26:31,vqe_uccsd_n8,6,6,vqe_uccsd_n8-6x6,gaussian,,coarse,1.5,0.5,1.5,0.5,0.8,1,,,connectivity,center_circle,5,0.7,congestion,normal_t_routing,5446,false,success,0,3.633542,/home/federico/Desktop/Fault-Tolerant-Quantum-Compiler/benchmarks/logs/run_400_1597.log,
1609,2026-05-04,2026-05-04 19:26:37,vqe_uccsd_n8,10,10,vqe_uccsd_n8-10x10,gaussian,,coarse,1.5,0.5,1.5,0.5,0.8,1,,,cube,center_circle,5,0.9,naive,normal_t_routing,5446,false,success,0,2.637121,/home/federico/Desktop/Fault-Tolerant-Quantum-Compiler/benchmarks/logs/run_403_1609.log,
1613,2026-05-04,2026-05-04 19:26:40,vqe_uccsd_n8,7,7,vqe_uccsd_n8-7x7,gaussian,,coarse,1.5,0.5,1.5,0.5,0.8,1,,,connectivity,center_circle,5,0.9,naive,normal_t_routing,5446,false,success,0,3.698259,/home/federico/Desktop/Fault-Tolerant-Quantum-Compiler/benchmarks/logs/run_404_1613.log,
1617,2026-05-04,2026-05-04 19:26:44,vqe_uccsd_n8,10,10,vqe_uccsd_n8-10x10,gaussian,,coarse,1.5,0.5,1.5,0.5,0.8,1,,,cube,center_circle,5,0.9,congestion,normal_t_routing,5446,false,success,0,3.430416,/home/federico/Desktop/Fault-Tolerant-Quantum-Compiler/benchmarks/logs/run_405_1617.log,
1621,2026-05-04,2026-05-04 19:26:48,vqe_uccsd_n8,7,7,vqe_uccsd_n8-7x7,gaussian,,coarse,1.5,0.5,1.5,0.5,0.8,1,,,connectivity,center_circle,5,0.9,congestion,normal_t_routing,5446,false,success,0,3.771659,/home/federico/Desktop/Fault-Tolerant-Quantum-Compiler/benchmarks/logs/run_406_1621.log,
1633,2026-05-04,2026-05-04 19:26:54,qft_20,14,14,qft_20-14x14,gaussian,,coarse,1.5,0.5,1.5,0.5,0.8,1,,,cube,right_row,0,0.7,naive,normal_t_routing,93,false,success,0,0.178481,/home/federico/Desktop/Fault-Tolerant-Quantum-Compiler/benchmarks/logs/run_409_1633.log,
1637,2026-05-04,2026-05-04 19:26:54,qft_20,10,10,qft_20-10x10,gaussian,,coarse,1.5,0.5,1.5,0.5,0.8,1,,,connectivity,right_row,0,0.7,naive,normal_t_routing,208,false,success,0,1.616097,/home/federico/Desktop/Fault-Tolerant-Quantum-Compiler/benchmarks/logs/run_410_1637.log,
1641,2026-05-04,2026-05-04 19:26:56,qft_20,14,14,qft_20-14x14,gaussian,,coarse,1.5,0.5,1.5,0.5,0.8,1,,,cube,right_row,0,0.7,congestion,normal_t_routing,95,false,success,0,0.338796,/home/federico/Desktop/Fault-Tolerant-Quantum-Compiler/benchmarks/logs/run_411_1641.log,
1645,2026-05-04,2026-05-04 19:26:57,qft_20,10,10,qft_20-10x10,gaussian,,coarse,1.5,0.5,1.5,0.5,0.8,1,,,connectivity,right_row,0,0.7,congestion,normal_t_routing,207,false,success,0,1.584164,/home/federico/Desktop/Fault-Tolerant-Quantum-Compiler/benchmarks/logs/run_412_1645.log,
1657,2026-05-04,2026-05-04 19:27:00,qft_20,15,15,qft_20-15x15,gaussian,,coarse,1.5,0.5,1.5,0.5,0.8,1,,,cube,right_row,0,0.9,naive,normal_t_routing,98,false,success,0,0.198708,/home/federico/Desktop/Fault-Tolerant-Quantum-Compiler/benchmarks/logs/run_415_1657.log,
1661,2026-05-04,2026-05-04 19:27:01,qft_20,10,10,qft_20-10x10,gaussian,,coarse,1.5,0.5,1.5,0.5,0.8,1,,,connectivity,right_row,0,0.9,naive,normal_t_routing,208,false,success,0,1.564095,/home/federico/Desktop/Fault-Tolerant-Quantum-Compiler/benchmarks/logs/run_416_1661.log,
1665,2026-05-04,2026-05-04 19:27:03,qft_20,15,15,qft_20-15x15,gaussian,,coarse,1.5,0.5,1.5,0.5,0.8,1,,,cube,right_row,0,0.9,congestion,normal_t_routing,93,false,success,0,0.391724,/home/federico/Desktop/Fault-Tolerant-Quantum-Compiler/benchmarks/logs/run_417_1665.log,
1669,2026-05-04,2026-05-04 19:27:04,qft_20,10,10,qft_20-10x10,gaussian,,coarse,1.5,0.5,1.5,0.5,0.8,1,,,connectivity,right_row,0,0.9,congestion,normal_t_routing,207,false,success,0,1.601386,/home/federico/Desktop/Fault-Tolerant-Quantum-Compiler/benchmarks/logs/run_418_1669.log,
1681,2026-05-04,2026-05-04 19:27:08,dnn_n16,13,13,dnn_n16-13x13,gaussian,,coarse,1.5,0.5,1.5,0.5,0.8,1,,,cube,right_row,0,0.7,naive,normal_t_routing,48,false,success,0,0.112923,/home/federico/Desktop/Fault-Tolerant-Quantum-Compiler/benchmarks/logs/run_421_1681.log,
1685,2026-05-04,2026-05-04 19:27:08,dnn_n16,9,9,dnn_n16-9x9,gaussian,,coarse,1.5,0.5,1.5,0.5,0.8,1,,,connectivity,right_row,0,0.7,naive,normal_t_routing,48,false,success,0,0.197982,/home/federico/Desktop/Fault-Tolerant-Quantum-Compiler/benchmarks/logs/run_422_1685.log,
1689,2026-05-04,2026-05-04 19:27:09,dnn_n16,13,13,dnn_n16-13x13,gaussian,,coarse,1.5,0.5,1.5,0.5,0.8,1,,,cube,right_row,0,0.7,congestion,normal_t_routing,48,false,success,0,0.211565,/home/federico/Desktop/Fault-Tolerant-Quantum-Compiler/benchmarks/logs/run_423_1689.log,
1693,2026-05-04,2026-05-04 19:27:10,dnn_n16,9,9,dnn_n16-9x9,gaussian,,coarse,1.5,0.5,1.5,0.5,0.8,1,,,connectivity,right_row,0,0.7,congestion,normal_t_routing,48,false,success,0,0.203929,/home/federico/Desktop/Fault-Tolerant-Quantum-Compiler/benchmarks/logs/run_424_1693.log,
1705,2026-05-04,2026-05-04 19:27:12,dnn_n16,13,13,dnn_n16-13x13,gaussian,,coarse,1.5,0.5,1.5,0.5,0.8,1,,,cube,right_row,0,0.9,naive,normal_t_routing,48,false,success,0,0.115773,/home/federico/Desktop/Fault-Tolerant-Quantum-Compiler/benchmarks/logs/run_427_1705.log,
1709,2026-05-04,2026-05-04 19:27:12,dnn_n16,9,9,dnn_n16-9x9,gaussian,,coarse,1.5,0.5,1.5,0.5,0.8,1,,,connectivity,right_row,0,0.9,naive,normal_t_routing,48,false,success,0,0.204561,/home/federico/Desktop/Fault-Tolerant-Quantum-Compiler/benchmarks/logs/run_428_1709.log,
1713,2026-05-04,2026-05-04 19:27:13,dnn_n16,13,13,dnn_n16-13x13,gaussian,,coarse,1.5,0.5,1.5,0.5,0.8,1,,,cube,right_row,0,0.9,congestion,normal_t_routing,48,false,success,0,0.192996,/home/federico/Desktop/Fault-Tolerant-Quantum-Compiler/benchmarks/logs/run_429_1713.log,
1717,2026-05-04,2026-05-04 19:27:14,dnn_n16,9,9,dnn_n16-9x9,gaussian,,coarse,1.5,0.5,1.5,0.5,0.8,1,,,connectivity,right_row,0,0.9,congestion,normal_t_routing,48,false,success,0,0.204891,/home/federico/Desktop/Fault-Tolerant-Quantum-Compiler/benchmarks/logs/run_430_1717.log,
1729,2026-05-04,2026-05-04 19:27:16,adder_n64_transpiled,23,23,adder_n64_transpiled-23x23,gaussian,,coarse,1.5,0.5,1.5,0.5,0.8,1,,,cube,right_row,0,0.7,naive,normal_t_routing,187,false,success,0,1.021561,/home/federico/Desktop/Fault-Tolerant-Quantum-Compiler/benchmarks/logs/run_433_1729.log,
1733,2026-05-04,2026-05-04 19:27:17,adder_n64_transpiled,17,17,adder_n64_transpiled-17x17,gaussian,,coarse,1.5,0.5,1.5,0.5,0.8,1,,,connectivity,right_row,0,0.7,naive,normal_t_routing,211,false,success,0,4.950282,/home/federico/Desktop/Fault-Tolerant-Quantum-Compiler/benchmarks/logs/run_434_1733.log,
1737,2026-05-04,2026-05-04 19:27:23,adder_n64_transpiled,23,23,adder_n64_transpiled-23x23,gaussian,,coarse,1.5,0.5,1.5,0.5,0.8,1,,,cube,right_row,0,0.7,congestion,normal_t_routing,186,false,success,0,2.288528,/home/federico/Desktop/Fault-Tolerant-Quantum-Compiler/benchmarks/logs/run_435_1737.log,
1741,2026-05-04,2026-05-04 19:27:26,adder_n64_transpiled,17,17,adder_n64_transpiled-17x17,gaussian,,coarse,1.5,0.5,1.5,0.5,0.8,1,,,connectivity,right_row,0,0.7,congestion,normal_t_routing,205,false,success,0,4.641096,/home/federico/Desktop/Fault-Tolerant-Quantum-Compiler/benchmarks/logs/run_436_1741.log,
1753,2026-05-04,2026-05-04 19:27:32,adder_n64_transpiled,24,24,adder_n64_transpiled-24x24,gaussian,,coarse,1.5,0.5,1.5,0.5,0.8,1,,,cube,right_row,0,0.9,naive,normal_t_routing,196,false,success,0,1.136818,/home/federico/Desktop/Fault-Tolerant-Quantum-Compiler/benchmarks/logs/run_439_1753.log,
1757,2026-05-04,2026-05-04 19:27:34,adder_n64_transpiled,18,18,adder_n64_transpiled-18x18,gaussian,,coarse,1.5,0.5,1.5,0.5,0.8,1,,,connectivity,right_row,0,0.9,naive,normal_t_routing,200,false,success,0,4.811158,/home/federico/Desktop/Fault-Tolerant-Quantum-Compiler/benchmarks/logs/run_440_1757.log,
1761,2026-05-04,2026-05-04 19:27:39,adder_n64_transpiled,24,24,adder_n64_transpiled-24x24,gaussian,,coarse,1.5,0.5,1.5,0.5,0.8,1,,,cube,right_row,0,0.9,congestion,normal_t_routing,189,false,success,0,2.426385,/home/federico/Desktop/Fault-Tolerant-Quantum-Compiler/benchmarks/logs/run_441_1761.log,
1765,2026-05-04,2026-05-04 19:27:42,adder_n64_transpiled,18,18,adder_n64_transpiled-18x18,gaussian,,coarse,1.5,0.5,1.5,0.5,0.8,1,,,connectivity,right_row,0,0.9,congestion,normal_t_routing,197,false,success,0,4.247031,/home/federico/Desktop/Fault-Tolerant-Quantum-Compiler/benchmarks/logs/run_442_1765.log,
1777,2026-05-04,2026-05-04 19:27:48,cat_n130,31,31,cat_n130-31x31,gaussian,,coarse,1.5,0.5,1.5,0.5,0.8,1,,,cube,right_row,0,0.7,naive,normal_t_routing,129,false,success,0,3.914189,/home/federico/Desktop/Fault-Tolerant-Quantum-Compiler/benchmarks/logs/run_445_1777.log,
1781,2026-05-04,2026-05-04 19:27:53,cat_n130,25,25,cat_n130-25x25,gaussian,,coarse,1.5,0.5,1.5,0.5,0.8,1,,,connectivity,right_row,0,0.7,naive,normal_t_routing,129,false,success,0,20.091013,/home/federico/Desktop/Fault-Tolerant-Quantum-Compiler/benchmarks/logs/run_446_1781.log,
1785,2026-05-04,2026-05-04 19:28:13,cat_n130,31,31,cat_n130-31x31,gaussian,,coarse,1.5,0.5,1.5,0.5,0.8,1,,,cube,right_row,0,0.7,congestion,normal_t_routing,129,false,success,0,9.247178,/home/federico/Desktop/Fault-Tolerant-Quantum-Compiler/benchmarks/logs/run_447_1785.log,
1789,2026-05-04,2026-05-04 19:28:23,cat_n130,25,25,cat_n130-25x25,gaussian,,coarse,1.5,0.5,1.5,0.5,0.8,1,,,connectivity,right_row,0,0.7,congestion,normal_t_routing,129,false,success,0,12.531909,/home/federico/Desktop/Fault-Tolerant-Quantum-Compiler/benchmarks/logs/run_448_1789.log,
1801,2026-05-04,2026-05-04 19:28:37,cat_n130,32,32,cat_n130-32x32,gaussian,,coarse,1.5,0.5,1.5,0.5,0.8,1,,,cube,right_row,0,0.9,naive,normal_t_routing,129,false,success,0,4.263834,/home/federico/Desktop/Fault-Tolerant-Quantum-Compiler/benchmarks/logs/run_451_1801.log,
1805,2026-05-04,2026-05-04 19:28:42,cat_n130,26,26,cat_n130-26x26,gaussian,,coarse,1.5,0.5,1.5,0.5,0.8,1,,,connectivity,right_row,0,0.9,naive,normal_t_routing,129,false,success,0,21.417110,/home/federico/Desktop/Fault-Tolerant-Quantum-Compiler/benchmarks/logs/run_452_1805.log,
1809,2026-05-04,2026-05-04 19:29:04,cat_n130,32,32,cat_n130-32x32,gaussian,,coarse,1.5,0.5,1.5,0.5,0.8,1,,,cube,right_row,0,0.9,congestion,normal_t_routing,129,false,success,0,11.743019,/home/federico/Desktop/Fault-Tolerant-Quantum-Compiler/benchmarks/logs/run_453_1809.log,
1813,2026-05-04,2026-05-04 19:29:17,cat_n130,26,26,cat_n130-26x26,gaussian,,coarse,1.5,0.5,1.5,0.5,0.8,1,,,connectivity,right_row,0,0.9,congestion,normal_t_routing,129,false,success,0,16.296189,/home/federico/Desktop/Fault-Tolerant-Quantum-Compiler/benchmarks/logs/run_454_1813.log,
1573,2026-05-04,2026-05-04 19:21:57,hhl_n10,8,8,hhl_n10-8x8,gaussian,,coarse,1.5,0.5,1.5,0.5,0.8,1,,,connectivity,center_circle,5,0.9,congestion,normal_t_routing,72108,false,success,0,471.632076,/home/federico/Desktop/Fault-Tolerant-Quantum-Compiler/benchmarks/logs/run_394_1573.log,
1825,2026-05-04,2026-05-04 19:29:35,ghz_n255,42,42,ghz_n255-42x42,gaussian,,coarse,1.5,0.5,1.5,0.5,0.8,1,,,cube,right_row,0,0.7,naive,normal_t_routing,254,false,success,0,19.289108,/home/federico/Desktop/Fault-Tolerant-Quantum-Compiler/benchmarks/logs/run_457_1825.log,
1833,2026-05-04,2026-05-04 19:29:55,ghz_n255,42,42,ghz_n255-42x42,gaussian,,coarse,1.5,0.5,1.5,0.5,0.8,1,,,cube,right_row,0,0.7,congestion,normal_t_routing,254,false,success,0,46.327222,/home/federico/Desktop/Fault-Tolerant-Quantum-Compiler/benchmarks/logs/run_459_1833.log,
1829,2026-05-04,2026-05-04 19:29:49,ghz_n255,35,35,ghz_n255-35x35,gaussian,,coarse,1.5,0.5,1.5,0.5,0.8,1,,,connectivity,right_row,0,0.7,naive,normal_t_routing,254,false,success,0,198.858472,/home/federico/Desktop/Fault-Tolerant-Quantum-Compiler/benchmarks/logs/run_458_1829.log,
1837,2026-05-04,2026-05-04 19:30:41,ghz_n255,35,35,ghz_n255-35x35,gaussian,,coarse,1.5,0.5,1.5,0.5,0.8,1,,,connectivity,right_row,0,0.7,congestion,normal_t_routing,254,false,success,0,148.040423,/home/federico/Desktop/Fault-Tolerant-Quantum-Compiler/benchmarks/logs/run_460_1837.log,
1849,2026-05-04,2026-05-04 19:33:10,ghz_n255,44,44,ghz_n255-44x44,gaussian,,coarse,1.5,0.5,1.5,0.5,0.8,1,,,cube,right_row,0,0.9,naive,normal_t_routing,254,false,success,0,21.752159,/home/federico/Desktop/Fault-Tolerant-Quantum-Compiler/benchmarks/logs/run_463_1849.log,
1857,2026-05-04,2026-05-04 19:33:32,ghz_n255,44,44,ghz_n255-44x44,gaussian,,coarse,1.5,0.5,1.5,0.5,0.8,1,,,cube,right_row,0,0.9,congestion,normal_t_routing,254,false,success,0,57.050342,/home/federico/Desktop/Fault-Tolerant-Quantum-Compiler/benchmarks/logs/run_465_1857.log,
1853,2026-05-04,2026-05-04 19:33:10,ghz_n255,,,,gaussian,,coarse,1.5,0.5,1.5,0.5,0.8,1,,,connectivity,right_row,0,0.9,naive,normal_t_routing,,false,interrupted,130,202.405527,/home/federico/Desktop/Fault-Tolerant-Quantum-Compiler/benchmarks/logs/run_464_1853.log,Execution interrupted by SIGINT (Ctrl+C)
1861,2026-05-04,2026-05-04 19:34:30,ghz_n255,,,,gaussian,,coarse,1.5,0.5,1.5,0.5,0.8,1,,,connectivity,right_row,0,0.9,congestion,normal_t_routing,,false,interrupted,130,136.849162,/home/federico/Desktop/Fault-Tolerant-Quantum-Compiler/benchmarks/logs/run_466_1861.log,Execution interrupted by SIGINT (Ctrl+C)
