plot_filename,series_type,x_axis,group_by,group_value,x_value,duration_seconds_median,duration_seconds_min,duration_seconds_max,sample_count,success_count,timeout_count
36_runtime_vs_qubits_by_size_moltiplier.png,grouped_factor,qubits,size_moltiplier,0.3,3,0.011238999999999999,0.009042,0.023291,16,16,0
36_runtime_vs_qubits_by_size_moltiplier.png,grouped_factor,qubits,size_moltiplier,0.3,4,0.012823000000000001,0.010793,0.022344,8,8,0
36_runtime_vs_qubits_by_size_moltiplier.png,grouped_factor,qubits,size_moltiplier,0.3,6,0.020994,0.013589,0.025505,8,8,0
36_runtime_vs_qubits_by_size_moltiplier.png,grouped_factor,qubits,size_moltiplier,0.3,8,1.090041,0.326847,2.285533,8,8,0
36_runtime_vs_qubits_by_size_moltiplier.png,grouped_factor,qubits,size_moltiplier,0.3,10,255.99400500000002,130.30258,380.121649,8,8,0
36_runtime_vs_qubits_by_size_moltiplier.png,grouped_factor,qubits,size_moltiplier,0.3,16,0.44389599999999996,0.172431,0.536865,4,4,0
36_runtime_vs_qubits_by_size_moltiplier.png,grouped_factor,qubits,size_moltiplier,0.3,18,0.637472,0.159941,0.672672,4,4,0
36_runtime_vs_qubits_by_size_moltiplier.png,grouped_factor,qubits,size_moltiplier,0.3,20,0.299937,0.081077,1.441334,8,8,0
36_runtime_vs_qubits_by_size_moltiplier.png,grouped_factor,qubits,size_moltiplier,0.3,21,732.5898589999999,568.631845,907.385862,6,6,0
36_runtime_vs_qubits_by_size_moltiplier.png,grouped_factor,qubits,size_moltiplier,0.3,26,0.203317,0.047323,0.343596,8,8,0
36_runtime_vs_qubits_by_size_moltiplier.png,grouped_factor,qubits,size_moltiplier,0.3,27,0.209405,0.086206,0.31813,4,4,0
36_runtime_vs_qubits_by_size_moltiplier.png,grouped_factor,qubits,size_moltiplier,0.3,64,2.2842795000000002,0.566869,2.458405,4,4,0
36_runtime_vs_qubits_by_size_moltiplier.png,grouped_factor,qubits,size_moltiplier,0.3,255,74.091441,12.464086,99.054437,8,8,0
36_runtime_vs_qubits_by_size_moltiplier.png,grouped_factor,qubits,size_moltiplier,0.5,3,0.0117815,0.00864,0.020465,16,16,0
36_runtime_vs_qubits_by_size_moltiplier.png,grouped_factor,qubits,size_moltiplier,0.5,4,0.0127195,0.009791,0.020267,8,8,0
36_runtime_vs_qubits_by_size_moltiplier.png,grouped_factor,qubits,size_moltiplier,0.5,6,0.023919,0.018259,0.03067,8,8,0
36_runtime_vs_qubits_by_size_moltiplier.png,grouped_factor,qubits,size_moltiplier,0.5,8,1.0583905,0.376595,2.035783,8,8,0
36_runtime_vs_qubits_by_size_moltiplier.png,grouped_factor,qubits,size_moltiplier,0.5,10,252.793359,132.190418,366.545875,8,8,0
36_runtime_vs_qubits_by_size_moltiplier.png,grouped_factor,qubits,size_moltiplier,0.5,16,0.17269449999999997,0.053152,0.271054,4,4,0
36_runtime_vs_qubits_by_size_moltiplier.png,grouped_factor,qubits,size_moltiplier,0.5,18,0.47908850000000003,0.165058,0.84498,4,4,0
36_runtime_vs_qubits_by_size_moltiplier.png,grouped_factor,qubits,size_moltiplier,0.5,20,0.23526049999999998,0.052854,1.011488,8,8,0
36_runtime_vs_qubits_by_size_moltiplier.png,grouped_factor,qubits,size_moltiplier,0.5,21,767.675124,656.944466,941.977458,8,8,0
36_runtime_vs_qubits_by_size_moltiplier.png,grouped_factor,qubits,size_moltiplier,0.5,26,0.12718200000000002,0.043108,0.307451,8,8,0
36_runtime_vs_qubits_by_size_moltiplier.png,grouped_factor,qubits,size_moltiplier,0.5,27,0.131418,0.051176,0.2698,4,4,0
36_runtime_vs_qubits_by_size_moltiplier.png,grouped_factor,qubits,size_moltiplier,0.5,64,2.447498,0.382445,13.739553,8,8,0
36_runtime_vs_qubits_by_size_moltiplier.png,grouped_factor,qubits,size_moltiplier,0.5,255,59.46087,10.940236,214.129758,8,8,0
36_runtime_vs_qubits_by_size_moltiplier.png,grouped_factor,qubits,size_moltiplier,0.7,3,0.013490499999999999,0.009559,0.022594,16,16,0
36_runtime_vs_qubits_by_size_moltiplier.png,grouped_factor,qubits,size_moltiplier,0.7,4,0.0137895,0.011253,0.014676,8,8,0
36_runtime_vs_qubits_by_size_moltiplier.png,grouped_factor,qubits,size_moltiplier,0.7,6,0.0171945,0.015016,0.024974,8,8,0
36_runtime_vs_qubits_by_size_moltiplier.png,grouped_factor,qubits,size_moltiplier,0.7,8,1.0215255,0.37967,1.947856,8,8,0
36_runtime_vs_qubits_by_size_moltiplier.png,grouped_factor,qubits,size_moltiplier,0.7,10,260.762536,133.233561,415.114726,8,8,0
36_runtime_vs_qubits_by_size_moltiplier.png,grouped_factor,qubits,size_moltiplier,0.7,16,0.151811,0.068028,0.284493,4,4,0
36_runtime_vs_qubits_by_size_moltiplier.png,grouped_factor,qubits,size_moltiplier,0.7,18,0.304375,0.116289,0.491271,4,4,0
36_runtime_vs_qubits_by_size_moltiplier.png,grouped_factor,qubits,size_moltiplier,0.7,20,0.203005,0.062271,0.858407,8,8,0
36_runtime_vs_qubits_by_size_moltiplier.png,grouped_factor,qubits,size_moltiplier,0.7,21,931.0236175,733.01261,976.248881,6,6,0
36_runtime_vs_qubits_by_size_moltiplier.png,grouped_factor,qubits,size_moltiplier,0.7,26,0.1168145,0.054254,0.287299,4,4,0
36_runtime_vs_qubits_by_size_moltiplier.png,grouped_factor,qubits,size_moltiplier,0.7,27,0.115758,0.068144,0.312427,4,4,0
36_runtime_vs_qubits_by_size_moltiplier.png,grouped_factor,qubits,size_moltiplier,0.7,64,1.2324344999999999,0.371466,2.273303,4,4,0
36_runtime_vs_qubits_by_size_moltiplier.png,grouped_factor,qubits,size_moltiplier,0.7,255,55.484792,10.903384,293.1576,8,8,0
36_runtime_vs_qubits_by_size_moltiplier.png,grouped_factor,qubits,size_moltiplier,1,3,0.0131195,0.009305,0.025231,16,16,0
36_runtime_vs_qubits_by_size_moltiplier.png,grouped_factor,qubits,size_moltiplier,1,4,0.012361,0.011031,0.02854,8,8,0
36_runtime_vs_qubits_by_size_moltiplier.png,grouped_factor,qubits,size_moltiplier,1,6,0.019079,0.013592,0.035299,8,8,0
36_runtime_vs_qubits_by_size_moltiplier.png,grouped_factor,qubits,size_moltiplier,1,8,0.8614535,0.334106,1.539451,8,8,0
36_runtime_vs_qubits_by_size_moltiplier.png,grouped_factor,qubits,size_moltiplier,1,10,265.091686,138.768266,435.84633,8,8,0
36_runtime_vs_qubits_by_size_moltiplier.png,grouped_factor,qubits,size_moltiplier,1,16,0.142129,0.070418,0.238014,4,4,0
36_runtime_vs_qubits_by_size_moltiplier.png,grouped_factor,qubits,size_moltiplier,1,18,0.2769325,0.101114,0.415481,4,4,0
36_runtime_vs_qubits_by_size_moltiplier.png,grouped_factor,qubits,size_moltiplier,1,20,0.20737,0.048544,0.807226,8,8,0
36_runtime_vs_qubits_by_size_moltiplier.png,grouped_factor,qubits,size_moltiplier,1,21,844.821044,626.639436,947.247025,8,8,0
36_runtime_vs_qubits_by_size_moltiplier.png,grouped_factor,qubits,size_moltiplier,1,26,0.1655895,0.04758,0.281844,6,6,0
36_runtime_vs_qubits_by_size_moltiplier.png,grouped_factor,qubits,size_moltiplier,1,27,0.177036,0.043235,0.272401,4,4,0
36_runtime_vs_qubits_by_size_moltiplier.png,grouped_factor,qubits,size_moltiplier,1,64,1.306608,0.317198,2.33416,4,4,0
36_runtime_vs_qubits_by_size_moltiplier.png,grouped_factor,qubits,size_moltiplier,1,255,49.499061,11.054407,326.301871,8,8,0
36_runtime_vs_qubits_by_size_moltiplier.png,homogeneous_baseline,qubits,size_moltiplier,homogeneous,3,0.0135785,0.008951,0.393435,190,190,0
36_runtime_vs_qubits_by_size_moltiplier.png,homogeneous_baseline,qubits,size_moltiplier,homogeneous,4,0.0160405,0.010304,0.497949,100,100,0
36_runtime_vs_qubits_by_size_moltiplier.png,homogeneous_baseline,qubits,size_moltiplier,homogeneous,6,0.0315605,0.01752,0.617516,100,100,0
36_runtime_vs_qubits_by_size_moltiplier.png,homogeneous_baseline,qubits,size_moltiplier,homogeneous,8,0.406264,0.406264,0.406264,1,1,0
36_runtime_vs_qubits_by_size_moltiplier.png,homogeneous_baseline,qubits,size_moltiplier,homogeneous,10,258.293751,194.772067,555.176835,101,101,0
36_runtime_vs_qubits_by_size_moltiplier.png,homogeneous_baseline,qubits,size_moltiplier,homogeneous,16,0.2181325,0.094576,1.34726,74,74,0
36_runtime_vs_qubits_by_size_moltiplier.png,homogeneous_baseline,qubits,size_moltiplier,homogeneous,18,0.18359599999999998,0.04926,2.449752,174,174,0
36_runtime_vs_qubits_by_size_moltiplier.png,homogeneous_baseline,qubits,size_moltiplier,homogeneous,20,0.43800399999999995,0.083353,2.233362,82,82,0
36_runtime_vs_qubits_by_size_moltiplier.png,homogeneous_baseline,qubits,size_moltiplier,homogeneous,21,622.401516,599.940473,644.862559,2,2,0
36_runtime_vs_qubits_by_size_moltiplier.png,homogeneous_baseline,qubits,size_moltiplier,homogeneous,26,0.119638,0.042433,2.193481,75,75,0
36_runtime_vs_qubits_by_size_moltiplier.png,homogeneous_baseline,qubits,size_moltiplier,homogeneous,27,0.134377,0.041515,2.409205,81,81,0
36_runtime_vs_qubits_by_size_moltiplier.png,homogeneous_baseline,qubits,size_moltiplier,homogeneous,64,2.628594,0.378979,10.631597,87,87,0
36_runtime_vs_qubits_by_size_moltiplier.png,homogeneous_baseline,qubits,size_moltiplier,homogeneous,130,6.054320499999999,1.196789,73.870448,90,90,0
36_runtime_vs_qubits_by_size_moltiplier.png,homogeneous_baseline,qubits,size_moltiplier,homogeneous,255,33.1337355,5.925903,462.37372,102,102,0
37_runtime_vs_qubits_by_gaussian_confidence.png,grouped_factor,qubits,gaussian_confidence,0.66,3,0.010504,0.00864,0.013363,16,16,0
37_runtime_vs_qubits_by_gaussian_confidence.png,grouped_factor,qubits,gaussian_confidence,0.66,4,0.0122085,0.011345,0.014241,8,8,0
37_runtime_vs_qubits_by_gaussian_confidence.png,grouped_factor,qubits,gaussian_confidence,0.66,6,0.023273000000000002,0.016001,0.03067,8,8,0
37_runtime_vs_qubits_by_gaussian_confidence.png,grouped_factor,qubits,gaussian_confidence,0.66,8,1.716803,1.288514,2.285533,8,8,0
37_runtime_vs_qubits_by_gaussian_confidence.png,grouped_factor,qubits,gaussian_confidence,0.66,10,142.713194,130.30258,166.597827,8,8,0
37_runtime_vs_qubits_by_gaussian_confidence.png,grouped_factor,qubits,gaussian_confidence,0.66,16,0.2777735,0.205684,0.423228,4,4,0
37_runtime_vs_qubits_by_gaussian_confidence.png,grouped_factor,qubits,gaussian_confidence,0.66,18,0.5584185,0.389899,0.756187,4,4,0
37_runtime_vs_qubits_by_gaussian_confidence.png,grouped_factor,qubits,gaussian_confidence,0.66,20,0.489273,0.200577,1.357963,8,8,0
37_runtime_vs_qubits_by_gaussian_confidence.png,grouped_factor,qubits,gaussian_confidence,0.66,21,706.931206,568.631845,799.151235,7,7,0
37_runtime_vs_qubits_by_gaussian_confidence.png,grouped_factor,qubits,gaussian_confidence,0.66,26,0.185304,0.162266,0.287299,7,7,0
37_runtime_vs_qubits_by_gaussian_confidence.png,grouped_factor,qubits,gaussian_confidence,0.66,27,0.239552,0.176713,0.312427,4,4,0
37_runtime_vs_qubits_by_gaussian_confidence.png,grouped_factor,qubits,gaussian_confidence,0.66,64,2.321615,2.080494,13.739553,5,5,0
37_runtime_vs_qubits_by_gaussian_confidence.png,grouped_factor,qubits,gaussian_confidence,0.66,255,82.9554545,65.433258,326.301871,8,8,0
37_runtime_vs_qubits_by_gaussian_confidence.png,grouped_factor,qubits,gaussian_confidence,0.8,3,0.0117465,0.009164,0.012999,16,16,0
37_runtime_vs_qubits_by_gaussian_confidence.png,grouped_factor,qubits,gaussian_confidence,0.8,4,0.0126835,0.011368,0.014179,8,8,0
37_runtime_vs_qubits_by_gaussian_confidence.png,grouped_factor,qubits,gaussian_confidence,0.8,6,0.020282,0.016609,0.025151,8,8,0
37_runtime_vs_qubits_by_gaussian_confidence.png,grouped_factor,qubits,gaussian_confidence,0.8,8,1.8057159999999999,1.314858,2.251635,8,8,0
37_runtime_vs_qubits_by_gaussian_confidence.png,grouped_factor,qubits,gaussian_confidence,0.8,10,140.99010600000003,133.233561,171.624319,8,8,0
37_runtime_vs_qubits_by_gaussian_confidence.png,grouped_factor,qubits,gaussian_confidence,0.8,16,0.246022,0.172986,0.536865,4,4,0
37_runtime_vs_qubits_by_gaussian_confidence.png,grouped_factor,qubits,gaussian_confidence,0.8,18,0.568547,0.415481,0.84498,4,4,0
37_runtime_vs_qubits_by_gaussian_confidence.png,grouped_factor,qubits,gaussian_confidence,0.8,20,0.4902325,0.204931,1.441334,8,8,0
37_runtime_vs_qubits_by_gaussian_confidence.png,grouped_factor,qubits,gaussian_confidence,0.8,21,722.633693,630.178641,833.16451,7,7,0
37_runtime_vs_qubits_by_gaussian_confidence.png,grouped_factor,qubits,gaussian_confidence,0.8,26,0.172399,0.158141,0.307451,7,7,0
37_runtime_vs_qubits_by_gaussian_confidence.png,grouped_factor,qubits,gaussian_confidence,0.8,27,0.2315315,0.162227,0.2698,4,4,0
37_runtime_vs_qubits_by_gaussian_confidence.png,grouped_factor,qubits,gaussian_confidence,0.8,64,2.273303,2.263227,13.206099,5,5,0
37_runtime_vs_qubits_by_gaussian_confidence.png,grouped_factor,qubits,gaussian_confidence,0.8,255,86.761269,66.612859,276.363651,8,8,0
37_runtime_vs_qubits_by_gaussian_confidence.png,grouped_factor,qubits,gaussian_confidence,0.95,3,0.014460500000000001,0.009349,0.020562,16,16,0
37_runtime_vs_qubits_by_gaussian_confidence.png,grouped_factor,qubits,gaussian_confidence,0.95,4,0.012248,0.009791,0.020142,8,8,0
37_runtime_vs_qubits_by_gaussian_confidence.png,grouped_factor,qubits,gaussian_confidence,0.95,6,0.019035999999999997,0.013592,0.028209,8,8,0
37_runtime_vs_qubits_by_gaussian_confidence.png,grouped_factor,qubits,gaussian_confidence,0.95,8,0.4256755,0.326847,0.516506,8,8,0
37_runtime_vs_qubits_by_gaussian_confidence.png,grouped_factor,qubits,gaussian_confidence,0.95,10,367.527851,340.363691,395.37705,8,8,0
37_runtime_vs_qubits_by_gaussian_confidence.png,grouped_factor,qubits,gaussian_confidence,0.95,16,0.073301,0.053152,0.464564,4,4,0
37_runtime_vs_qubits_by_gaussian_confidence.png,grouped_factor,qubits,gaussian_confidence,0.95,18,0.161512,0.101114,0.672672,4,4,0
37_runtime_vs_qubits_by_gaussian_confidence.png,grouped_factor,qubits,gaussian_confidence,0.95,20,0.1911365,0.048544,1.305075,8,8,0
37_runtime_vs_qubits_by_gaussian_confidence.png,grouped_factor,qubits,gaussian_confidence,0.95,21,941.977458,854.666769,976.248881,7,7,0
37_runtime_vs_qubits_by_gaussian_confidence.png,grouped_factor,qubits,gaussian_confidence,0.95,26,0.087159,0.04758,0.343596,6,6,0
37_runtime_vs_qubits_by_gaussian_confidence.png,grouped_factor,qubits,gaussian_confidence,0.95,27,0.077706,0.043235,0.31813,4,4,0
37_runtime_vs_qubits_by_gaussian_confidence.png,grouped_factor,qubits,gaussian_confidence,0.95,64,0.471126,0.317198,3.029937,5,5,0
37_runtime_vs_qubits_by_gaussian_confidence.png,grouped_factor,qubits,gaussian_confidence,0.95,255,38.159358999999995,11.054407,95.106736,8,8,0
37_runtime_vs_qubits_by_gaussian_confidence.png,grouped_factor,qubits,gaussian_confidence,0.99,3,0.017938,0.013421,0.025231,16,16,0
37_runtime_vs_qubits_by_gaussian_confidence.png,grouped_factor,qubits,gaussian_confidence,0.99,4,0.016091,0.011031,0.02854,8,8,0
37_runtime_vs_qubits_by_gaussian_confidence.png,grouped_factor,qubits,gaussian_confidence,0.99,6,0.0178715,0.013589,0.035299,8,8,0
37_runtime_vs_qubits_by_gaussian_confidence.png,grouped_factor,qubits,gaussian_confidence,0.99,8,0.41217950000000003,0.334106,0.512532,8,8,0
37_runtime_vs_qubits_by_gaussian_confidence.png,grouped_factor,qubits,gaussian_confidence,0.99,10,391.527269,364.712066,435.84633,8,8,0
37_runtime_vs_qubits_by_gaussian_confidence.png,grouped_factor,qubits,gaussian_confidence,0.99,16,0.1109975,0.070418,0.172431,4,4,0
37_runtime_vs_qubits_by_gaussian_confidence.png,grouped_factor,qubits,gaussian_confidence,0.99,18,0.1619535,0.116289,0.165058,4,4,0
37_runtime_vs_qubits_by_gaussian_confidence.png,grouped_factor,qubits,gaussian_confidence,0.99,20,0.1259635,0.058693,0.379465,8,8,0
37_runtime_vs_qubits_by_gaussian_confidence.png,grouped_factor,qubits,gaussian_confidence,0.99,21,896.024457,812.716555,967.740895,7,7,0
37_runtime_vs_qubits_by_gaussian_confidence.png,grouped_factor,qubits,gaussian_confidence,0.99,26,0.053055,0.043108,0.090398,6,6,0
37_runtime_vs_qubits_by_gaussian_confidence.png,grouped_factor,qubits,gaussian_confidence,0.99,27,0.077175,0.051176,0.103116,4,4,0
37_runtime_vs_qubits_by_gaussian_confidence.png,grouped_factor,qubits,gaussian_confidence,0.99,64,0.382445,0.34553,2.631769,5,5,0
37_runtime_vs_qubits_by_gaussian_confidence.png,grouped_factor,qubits,gaussian_confidence,0.99,255,18.5760485,10.903384,36.091708,8,8,0
37_runtime_vs_qubits_by_gaussian_confidence.png,homogeneous_baseline,qubits,gaussian_confidence,homogeneous,3,0.0135785,0.008951,0.393435,190,190,0
37_runtime_vs_qubits_by_gaussian_confidence.png,homogeneous_baseline,qubits,gaussian_confidence,homogeneous,4,0.0160405,0.010304,0.497949,100,100,0
37_runtime_vs_qubits_by_gaussian_confidence.png,homogeneous_baseline,qubits,gaussian_confidence,homogeneous,6,0.0315605,0.01752,0.617516,100,100,0
37_runtime_vs_qubits_by_gaussian_confidence.png,homogeneous_baseline,qubits,gaussian_confidence,homogeneous,8,0.406264,0.406264,0.406264,1,1,0
37_runtime_vs_qubits_by_gaussian_confidence.png,homogeneous_baseline,qubits,gaussian_confidence,homogeneous,10,258.293751,194.772067,555.176835,101,101,0
37_runtime_vs_qubits_by_gaussian_confidence.png,homogeneous_baseline,qubits,gaussian_confidence,homogeneous,16,0.2181325,0.094576,1.34726,74,74,0
37_runtime_vs_qubits_by_gaussian_confidence.png,homogeneous_baseline,qubits,gaussian_confidence,homogeneous,18,0.18359599999999998,0.04926,2.449752,174,174,0
37_runtime_vs_qubits_by_gaussian_confidence.png,homogeneous_baseline,qubits,gaussian_confidence,homogeneous,20,0.43800399999999995,0.083353,2.233362,82,82,0
37_runtime_vs_qubits_by_gaussian_confidence.png,homogeneous_baseline,qubits,gaussian_confidence,homogeneous,21,622.401516,599.940473,644.862559,2,2,0
37_runtime_vs_qubits_by_gaussian_confidence.png,homogeneous_baseline,qubits,gaussian_confidence,homogeneous,26,0.119638,0.042433,2.193481,75,75,0
37_runtime_vs_qubits_by_gaussian_confidence.png,homogeneous_baseline,qubits,gaussian_confidence,homogeneous,27,0.134377,0.041515,2.409205,81,81,0
37_runtime_vs_qubits_by_gaussian_confidence.png,homogeneous_baseline,qubits,gaussian_confidence,homogeneous,64,2.628594,0.378979,10.631597,87,87,0
37_runtime_vs_qubits_by_gaussian_confidence.png,homogeneous_baseline,qubits,gaussian_confidence,homogeneous,130,6.054320499999999,1.196789,73.870448,90,90,0
37_runtime_vs_qubits_by_gaussian_confidence.png,homogeneous_baseline,qubits,gaussian_confidence,homogeneous,255,33.1337355,5.925903,462.37372,102,102,0
38_runtime_vs_qubits_by_safe_passage_strategy.png,grouped_factor,qubits,safe_passage_strategy,connectivity,3,0.0115875,0.008545,0.521474,648,648,0
38_runtime_vs_qubits_by_safe_passage_strategy.png,grouped_factor,qubits,safe_passage_strategy,connectivity,4,0.0137165,0.00997,0.484422,322,322,0
38_runtime_vs_qubits_by_safe_passage_strategy.png,grouped_factor,qubits,safe_passage_strategy,connectivity,6,0.026381,0.013589,0.550309,308,308,0
38_runtime_vs_qubits_by_safe_passage_strategy.png,grouped_factor,qubits,safe_passage_strategy,connectivity,8,1.002232,0.406157,2.285533,16,16,0
38_runtime_vs_qubits_by_safe_passage_strategy.png,grouped_factor,qubits,safe_passage_strategy,connectivity,10,262.7955825,143.211946,580.947891,324,324,0
38_runtime_vs_qubits_by_safe_passage_strategy.png,grouped_factor,qubits,safe_passage_strategy,connectivity,16,0.22471000000000002,0.018354,3.804053,320,320,0
38_runtime_vs_qubits_by_safe_passage_strategy.png,grouped_factor,qubits,safe_passage_strategy,connectivity,18,0.3911675,0.076119,6.461886,464,464,0
38_runtime_vs_qubits_by_safe_passage_strategy.png,grouped_factor,qubits,safe_passage_strategy,connectivity,19,0.0660715,0.037776,1.010931,12,12,0
38_runtime_vs_qubits_by_safe_passage_strategy.png,grouped_factor,qubits,safe_passage_strategy,connectivity,20,0.858021,0.09749,7.761222,240,240,0
38_runtime_vs_qubits_by_safe_passage_strategy.png,grouped_factor,qubits,safe_passage_strategy,connectivity,21,805.933895,706.931206,976.248881,14,14,0
38_runtime_vs_qubits_by_safe_passage_strategy.png,grouped_factor,qubits,safe_passage_strategy,connectivity,26,0.169424,0.012862,3.679135,305,305,0
38_runtime_vs_qubits_by_safe_passage_strategy.png,grouped_factor,qubits,safe_passage_strategy,connectivity,27,0.143789,0.015848,2.89295,327,327,0
38_runtime_vs_qubits_by_safe_passage_strategy.png,grouped_factor,qubits,safe_passage_strategy,connectivity,53,0.059559,0.027297,0.141866,4,4,0
38_runtime_vs_qubits_by_safe_passage_strategy.png,grouped_factor,qubits,safe_passage_strategy,connectivity,64,4.655779000000001,1.223684,20.024456,188,188,0
38_runtime_vs_qubits_by_safe_passage_strategy.png,grouped_factor,qubits,safe_passage_strategy,connectivity,130,24.175463,0.355851,66.580372,241,241,0
38_runtime_vs_qubits_by_safe_passage_strategy.png,grouped_factor,qubits,safe_passage_strategy,connectivity,255,198.858472,6.026377,492.467111,307,307,0
38_runtime_vs_qubits_by_safe_passage_strategy.png,grouped_factor,qubits,safe_passage_strategy,cube,3,0.015137,0.009209,0.413503,664,664,0
38_runtime_vs_qubits_by_safe_passage_strategy.png,grouped_factor,qubits,safe_passage_strategy,cube,4,0.0194325,0.009791,0.441505,330,330,0
38_runtime_vs_qubits_by_safe_passage_strategy.png,grouped_factor,qubits,safe_passage_strategy,cube,6,0.0319605,0.01502,0.576925,330,330,0
38_runtime_vs_qubits_by_safe_passage_strategy.png,grouped_factor,qubits,safe_passage_strategy,cube,8,0.8537705,0.326847,1.978888,16,16,0
38_runtime_vs_qubits_by_safe_passage_strategy.png,grouped_factor,qubits,safe_passage_strategy,cube,10,410.4537725,130.30258,597.207649,332,332,0
38_runtime_vs_qubits_by_safe_passage_strategy.png,grouped_factor,qubits,safe_passage_strategy,cube,16,0.2058335,0.019065,1.509832,258,258,0
38_runtime_vs_qubits_by_safe_passage_strategy.png,grouped_factor,qubits,safe_passage_strategy,cube,18,0.189727,0.03354,1.842393,389,389,0
38_runtime_vs_qubits_by_safe_passage_strategy.png,grouped_factor,qubits,safe_passage_strategy,cube,19,0.0241325,0.018497,0.296099,12,12,0
38_runtime_vs_qubits_by_safe_passage_strategy.png,grouped_factor,qubits,safe_passage_strategy,cube,20,0.3853065,0.0272,3.645599,322,322,0
38_runtime_vs_qubits_by_safe_passage_strategy.png,grouped_factor,qubits,safe_passage_strategy,cube,21,876.2510175,568.631845,945.422246,14,14,0
38_runtime_vs_qubits_by_safe_passage_strategy.png,grouped_factor,qubits,safe_passage_strategy,cube,26,0.24702,0.013186,3.456581,253,253,0
38_runtime_vs_qubits_by_safe_passage_strategy.png,grouped_factor,qubits,safe_passage_strategy,cube,27,0.290481,0.012933,2.292476,194,194,0
38_runtime_vs_qubits_by_safe_passage_strategy.png,grouped_factor,qubits,safe_passage_strategy,cube,53,5.885301999999999,2.003122,9.767482,2,2,0
38_runtime_vs_qubits_by_safe_passage_strategy.png,grouped_factor,qubits,safe_passage_strategy,cube,64,2.9095485,0.317198,14.104025,322,322,0
38_runtime_vs_qubits_by_safe_passage_strategy.png,grouped_factor,qubits,safe_passage_strategy,cube,130,20.929596500000002,0.22034,119.077004,256,256,0
38_runtime_vs_qubits_by_safe_passage_strategy.png,grouped_factor,qubits,safe_passage_strategy,cube,255,138.53684650000002,1.192175,571.466987,332,332,0
38_runtime_vs_qubits_by_safe_passage_strategy.png,homogeneous_baseline,qubits,safe_passage_strategy,homogeneous,3,0.0135785,0.008951,0.393435,190,190,0
38_runtime_vs_qubits_by_safe_passage_strategy.png,homogeneous_baseline,qubits,safe_passage_strategy,homogeneous,4,0.0160405,0.010304,0.497949,100,100,0
38_runtime_vs_qubits_by_safe_passage_strategy.png,homogeneous_baseline,qubits,safe_passage_strategy,homogeneous,6,0.0315605,0.01752,0.617516,100,100,0
38_runtime_vs_qubits_by_safe_passage_strategy.png,homogeneous_baseline,qubits,safe_passage_strategy,homogeneous,8,0.406264,0.406264,0.406264,1,1,0
38_runtime_vs_qubits_by_safe_passage_strategy.png,homogeneous_baseline,qubits,safe_passage_strategy,homogeneous,10,258.293751,194.772067,555.176835,101,101,0
38_runtime_vs_qubits_by_safe_passage_strategy.png,homogeneous_baseline,qubits,safe_passage_strategy,homogeneous,16,0.2181325,0.094576,1.34726,74,74,0
38_runtime_vs_qubits_by_safe_passage_strategy.png,homogeneous_baseline,qubits,safe_passage_strategy,homogeneous,18,0.18359599999999998,0.04926,2.449752,174,174,0
38_runtime_vs_qubits_by_safe_passage_strategy.png,homogeneous_baseline,qubits,safe_passage_strategy,homogeneous,20,0.43800399999999995,0.083353,2.233362,82,82,0
38_runtime_vs_qubits_by_safe_passage_strategy.png,homogeneous_baseline,qubits,safe_passage_strategy,homogeneous,21,622.401516,599.940473,644.862559,2,2,0
38_runtime_vs_qubits_by_safe_passage_strategy.png,homogeneous_baseline,qubits,safe_passage_strategy,homogeneous,26,0.119638,0.042433,2.193481,75,75,0
38_runtime_vs_qubits_by_safe_passage_strategy.png,homogeneous_baseline,qubits,safe_passage_strategy,homogeneous,27,0.134377,0.041515,2.409205,81,81,0
38_runtime_vs_qubits_by_safe_passage_strategy.png,homogeneous_baseline,qubits,safe_passage_strategy,homogeneous,64,2.628594,0.378979,10.631597,87,87,0
38_runtime_vs_qubits_by_safe_passage_strategy.png,homogeneous_baseline,qubits,safe_passage_strategy,homogeneous,130,6.054320499999999,1.196789,73.870448,90,90,0
38_runtime_vs_qubits_by_safe_passage_strategy.png,homogeneous_baseline,qubits,safe_passage_strategy,homogeneous,255,33.1337355,5.925903,462.37372,102,102,0
39_runtime_vs_gates_by_size_moltiplier.png,grouped_factor,gates,size_moltiplier,0.3,18,0.012823000000000001,0.010793,0.022344,8,8,0
39_runtime_vs_gates_by_size_moltiplier.png,grouped_factor,gates,size_moltiplier,0.3,50,0.203317,0.047323,0.343596,8,8,0
39_runtime_vs_gates_by_size_moltiplier.png,grouped_factor,gates,size_moltiplier,0.3,58,0.209405,0.086206,0.31813,4,4,0
39_runtime_vs_gates_by_size_moltiplier.png,grouped_factor,gates,size_moltiplier,0.3,255,74.091441,12.464086,99.054437,8,8,0
39_runtime_vs_gates_by_size_moltiplier.png,grouped_factor,gates,size_moltiplier,0.3,380,0.299937,0.081077,1.441334,8,8,0
39_runtime_vs_gates_by_size_moltiplier.png,grouped_factor,gates,size_moltiplier,0.3,384,0.44389599999999996,0.172431,0.536865,4,4,0
39_runtime_vs_gates_by_size_moltiplier.png,grouped_factor,gates,size_moltiplier,0.3,455,2.2842795000000002,0.566869,2.458405,4,4,0
39_runtime_vs_gates_by_size_moltiplier.png,grouped_factor,gates,size_moltiplier,0.5,18,0.0127195,0.009791,0.020267,8,8,0
39_runtime_vs_gates_by_size_moltiplier.png,grouped_factor,gates,size_moltiplier,0.5,50,0.12718200000000002,0.043108,0.307451,8,8,0
39_runtime_vs_gates_by_size_moltiplier.png,grouped_factor,gates,size_moltiplier,0.5,58,0.131418,0.051176,0.2698,4,4,0
39_runtime_vs_gates_by_size_moltiplier.png,grouped_factor,gates,size_moltiplier,0.5,255,59.46087,10.940236,214.129758,8,8,0
39_runtime_vs_gates_by_size_moltiplier.png,grouped_factor,gates,size_moltiplier,0.5,380,0.23526049999999998,0.052854,1.011488,8,8,0
39_runtime_vs_gates_by_size_moltiplier.png,grouped_factor,gates,size_moltiplier,0.5,384,0.17269449999999997,0.053152,0.271054,4,4,0
39_runtime_vs_gates_by_size_moltiplier.png,grouped_factor,gates,size_moltiplier,0.5,455,2.447498,0.382445,13.739553,8,8,0
39_runtime_vs_gates_by_size_moltiplier.png,grouped_factor,gates,size_moltiplier,0.7,18,0.0137895,0.011253,0.014676,8,8,0
39_runtime_vs_gates_by_size_moltiplier.png,grouped_factor,gates,size_moltiplier,0.7,50,0.1168145,0.054254,0.287299,4,4,0
39_runtime_vs_gates_by_size_moltiplier.png,grouped_factor,gates,size_moltiplier,0.7,58,0.115758,0.068144,0.312427,4,4,0
39_runtime_vs_gates_by_size_moltiplier.png,grouped_factor,gates,size_moltiplier,0.7,255,55.484792,10.903384,293.1576,8,8,0
39_runtime_vs_gates_by_size_moltiplier.png,grouped_factor,gates,size_moltiplier,0.7,380,0.203005,0.062271,0.858407,8,8,0
39_runtime_vs_gates_by_size_moltiplier.png,grouped_factor,gates,size_moltiplier,0.7,384,0.151811,0.068028,0.284493,4,4,0
39_runtime_vs_gates_by_size_moltiplier.png,grouped_factor,gates,size_moltiplier,0.7,455,1.2324344999999999,0.371466,2.273303,4,4,0
39_runtime_vs_gates_by_size_moltiplier.png,grouped_factor,gates,size_moltiplier,1,18,0.012361,0.011031,0.02854,8,8,0
39_runtime_vs_gates_by_size_moltiplier.png,grouped_factor,gates,size_moltiplier,1,50,0.1655895,0.04758,0.281844,6,6,0
39_runtime_vs_gates_by_size_moltiplier.png,grouped_factor,gates,size_moltiplier,1,58,0.177036,0.043235,0.272401,4,4,0
39_runtime_vs_gates_by_size_moltiplier.png,grouped_factor,gates,size_moltiplier,1,255,49.499061,11.054407,326.301871,8,8,0
39_runtime_vs_gates_by_size_moltiplier.png,grouped_factor,gates,size_moltiplier,1,380,0.20737,0.048544,0.807226,8,8,0
39_runtime_vs_gates_by_size_moltiplier.png,grouped_factor,gates,size_moltiplier,1,384,0.142129,0.070418,0.238014,4,4,0
39_runtime_vs_gates_by_size_moltiplier.png,grouped_factor,gates,size_moltiplier,1,455,1.306608,0.317198,2.33416,4,4,0
39_runtime_vs_gates_by_size_moltiplier.png,homogeneous_baseline,gates,size_moltiplier,homogeneous,18,0.0160405,0.010304,0.497949,100,100,0
39_runtime_vs_gates_by_size_moltiplier.png,homogeneous_baseline,gates,size_moltiplier,homogeneous,50,0.119638,0.042433,2.193481,75,75,0
39_runtime_vs_gates_by_size_moltiplier.png,homogeneous_baseline,gates,size_moltiplier,homogeneous,58,0.134377,0.041515,2.409205,81,81,0
39_runtime_vs_gates_by_size_moltiplier.png,homogeneous_baseline,gates,size_moltiplier,homogeneous,130,1.309545,0.061691,73.870448,176,176,0
39_runtime_vs_gates_by_size_moltiplier.png,homogeneous_baseline,gates,size_moltiplier,homogeneous,255,33.1337355,5.925903,462.37372,102,102,0
39_runtime_vs_gates_by_size_moltiplier.png,homogeneous_baseline,gates,size_moltiplier,homogeneous,380,0.43800399999999995,0.083353,2.233362,82,82,0
39_runtime_vs_gates_by_size_moltiplier.png,homogeneous_baseline,gates,size_moltiplier,homogeneous,384,0.2181325,0.094576,1.34726,74,74,0
39_runtime_vs_gates_by_size_moltiplier.png,homogeneous_baseline,gates,size_moltiplier,homogeneous,455,2.628594,0.378979,10.631597,87,87,0
40_runtime_vs_gates_by_gaussian_confidence.png,grouped_factor,gates,gaussian_confidence,0.66,18,0.0122085,0.011345,0.014241,8,8,0
40_runtime_vs_gates_by_gaussian_confidence.png,grouped_factor,gates,gaussian_confidence,0.66,50,0.185304,0.162266,0.287299,7,7,0
40_runtime_vs_gates_by_gaussian_confidence.png,grouped_factor,gates,gaussian_confidence,0.66,58,0.239552,0.176713,0.312427,4,4,0
40_runtime_vs_gates_by_gaussian_confidence.png,grouped_factor,gates,gaussian_confidence,0.66,255,82.9554545,65.433258,326.301871,8,8,0
40_runtime_vs_gates_by_gaussian_confidence.png,grouped_factor,gates,gaussian_confidence,0.66,380,0.489273,0.200577,1.357963,8,8,0
40_runtime_vs_gates_by_gaussian_confidence.png,grouped_factor,gates,gaussian_confidence,0.66,384,0.2777735,0.205684,0.423228,4,4,0
40_runtime_vs_gates_by_gaussian_confidence.png,grouped_factor,gates,gaussian_confidence,0.66,455,2.321615,2.080494,13.739553,5,5,0
40_runtime_vs_gates_by_gaussian_confidence.png,grouped_factor,gates,gaussian_confidence,0.8,18,0.0126835,0.011368,0.014179,8,8,0
40_runtime_vs_gates_by_gaussian_confidence.png,grouped_factor,gates,gaussian_confidence,0.8,50,0.172399,0.158141,0.307451,7,7,0
40_runtime_vs_gates_by_gaussian_confidence.png,grouped_factor,gates,gaussian_confidence,0.8,58,0.2315315,0.162227,0.2698,4,4,0
40_runtime_vs_gates_by_gaussian_confidence.png,grouped_factor,gates,gaussian_confidence,0.8,255,86.761269,66.612859,276.363651,8,8,0
40_runtime_vs_gates_by_gaussian_confidence.png,grouped_factor,gates,gaussian_confidence,0.8,380,0.4902325,0.204931,1.441334,8,8,0
40_runtime_vs_gates_by_gaussian_confidence.png,grouped_factor,gates,gaussian_confidence,0.8,384,0.246022,0.172986,0.536865,4,4,0
40_runtime_vs_gates_by_gaussian_confidence.png,grouped_factor,gates,gaussian_confidence,0.8,455,2.273303,2.263227,13.206099,5,5,0
40_runtime_vs_gates_by_gaussian_confidence.png,grouped_factor,gates,gaussian_confidence,0.95,18,0.012248,0.009791,0.020142,8,8,0
40_runtime_vs_gates_by_gaussian_confidence.png,grouped_factor,gates,gaussian_confidence,0.95,50,0.087159,0.04758,0.343596,6,6,0
40_runtime_vs_gates_by_gaussian_confidence.png,grouped_factor,gates,gaussian_confidence,0.95,58,0.077706,0.043235,0.31813,4,4,0
40_runtime_vs_gates_by_gaussian_confidence.png,grouped_factor,gates,gaussian_confidence,0.95,255,38.159358999999995,11.054407,95.106736,8,8,0
40_runtime_vs_gates_by_gaussian_confidence.png,grouped_factor,gates,gaussian_confidence,0.95,380,0.1911365,0.048544,1.305075,8,8,0
40_runtime_vs_gates_by_gaussian_confidence.png,grouped_factor,gates,gaussian_confidence,0.95,384,0.073301,0.053152,0.464564,4,4,0
40_runtime_vs_gates_by_gaussian_confidence.png,grouped_factor,gates,gaussian_confidence,0.95,455,0.471126,0.317198,3.029937,5,5,0
40_runtime_vs_gates_by_gaussian_confidence.png,grouped_factor,gates,gaussian_confidence,0.99,18,0.016091,0.011031,0.02854,8,8,0
40_runtime_vs_gates_by_gaussian_confidence.png,grouped_factor,gates,gaussian_confidence,0.99,50,0.053055,0.043108,0.090398,6,6,0
40_runtime_vs_gates_by_gaussian_confidence.png,grouped_factor,gates,gaussian_confidence,0.99,58,0.077175,0.051176,0.103116,4,4,0
40_runtime_vs_gates_by_gaussian_confidence.png,grouped_factor,gates,gaussian_confidence,0.99,255,18.5760485,10.903384,36.091708,8,8,0
40_runtime_vs_gates_by_gaussian_confidence.png,grouped_factor,gates,gaussian_confidence,0.99,380,0.1259635,0.058693,0.379465,8,8,0
40_runtime_vs_gates_by_gaussian_confidence.png,grouped_factor,gates,gaussian_confidence,0.99,384,0.1109975,0.070418,0.172431,4,4,0
40_runtime_vs_gates_by_gaussian_confidence.png,grouped_factor,gates,gaussian_confidence,0.99,455,0.382445,0.34553,2.631769,5,5,0
40_runtime_vs_gates_by_gaussian_confidence.png,homogeneous_baseline,gates,gaussian_confidence,homogeneous,18,0.0160405,0.010304,0.497949,100,100,0
40_runtime_vs_gates_by_gaussian_confidence.png,homogeneous_baseline,gates,gaussian_confidence,homogeneous,50,0.119638,0.042433,2.193481,75,75,0
40_runtime_vs_gates_by_gaussian_confidence.png,homogeneous_baseline,gates,gaussian_confidence,homogeneous,58,0.134377,0.041515,2.409205,81,81,0
40_runtime_vs_gates_by_gaussian_confidence.png,homogeneous_baseline,gates,gaussian_confidence,homogeneous,130,1.309545,0.061691,73.870448,176,176,0
40_runtime_vs_gates_by_gaussian_confidence.png,homogeneous_baseline,gates,gaussian_confidence,homogeneous,255,33.1337355,5.925903,462.37372,102,102,0
40_runtime_vs_gates_by_gaussian_confidence.png,homogeneous_baseline,gates,gaussian_confidence,homogeneous,380,0.43800399999999995,0.083353,2.233362,82,82,0
40_runtime_vs_gates_by_gaussian_confidence.png,homogeneous_baseline,gates,gaussian_confidence,homogeneous,384,0.2181325,0.094576,1.34726,74,74,0
40_runtime_vs_gates_by_gaussian_confidence.png,homogeneous_baseline,gates,gaussian_confidence,homogeneous,455,2.628594,0.378979,10.631597,87,87,0
41_runtime_vs_gates_by_safe_passage_strategy.png,grouped_factor,gates,safe_passage_strategy,connectivity,18,0.0137165,0.00997,0.484422,322,322,0
41_runtime_vs_gates_by_safe_passage_strategy.png,grouped_factor,gates,safe_passage_strategy,connectivity,50,0.169424,0.012862,3.679135,305,305,0
41_runtime_vs_gates_by_safe_passage_strategy.png,grouped_factor,gates,safe_passage_strategy,connectivity,58,0.143789,0.015848,2.89295,327,327,0
41_runtime_vs_gates_by_safe_passage_strategy.png,grouped_factor,gates,safe_passage_strategy,connectivity,130,2.818407,0.081982,66.580372,447,447,0
41_runtime_vs_gates_by_safe_passage_strategy.png,grouped_factor,gates,safe_passage_strategy,connectivity,255,198.858472,6.026377,492.467111,307,307,0
41_runtime_vs_gates_by_safe_passage_strategy.png,grouped_factor,gates,safe_passage_strategy,connectivity,380,0.858021,0.09749,7.761222,240,240,0
41_runtime_vs_gates_by_safe_passage_strategy.png,grouped_factor,gates,safe_passage_strategy,connectivity,384,0.22471000000000002,0.018354,3.804053,320,320,0
41_runtime_vs_gates_by_safe_passage_strategy.png,grouped_factor,gates,safe_passage_strategy,connectivity,455,4.655779000000001,1.223684,20.024456,188,188,0
41_runtime_vs_gates_by_safe_passage_strategy.png,grouped_factor,gates,safe_passage_strategy,cube,18,0.0194325,0.009791,0.441505,330,330,0
41_runtime_vs_gates_by_safe_passage_strategy.png,grouped_factor,gates,safe_passage_strategy,cube,50,0.24702,0.013186,3.456581,253,253,0
41_runtime_vs_gates_by_safe_passage_strategy.png,grouped_factor,gates,safe_passage_strategy,cube,58,0.290481,0.012933,2.292476,194,194,0
41_runtime_vs_gates_by_safe_passage_strategy.png,grouped_factor,gates,safe_passage_strategy,cube,130,5.958114,0.071397,119.077004,446,446,0
41_runtime_vs_gates_by_safe_passage_strategy.png,grouped_factor,gates,safe_passage_strategy,cube,255,138.53684650000002,1.192175,571.466987,332,332,0
41_runtime_vs_gates_by_safe_passage_strategy.png,grouped_factor,gates,safe_passage_strategy,cube,380,0.3853065,0.0272,3.645599,322,322,0
41_runtime_vs_gates_by_safe_passage_strategy.png,grouped_factor,gates,safe_passage_strategy,cube,384,0.2058335,0.019065,1.509832,258,258,0
41_runtime_vs_gates_by_safe_passage_strategy.png,grouped_factor,gates,safe_passage_strategy,cube,455,2.9095485,0.317198,14.104025,322,322,0
41_runtime_vs_gates_by_safe_passage_strategy.png,homogeneous_baseline,gates,safe_passage_strategy,homogeneous,18,0.0160405,0.010304,0.497949,100,100,0
41_runtime_vs_gates_by_safe_passage_strategy.png,homogeneous_baseline,gates,safe_passage_strategy,homogeneous,50,0.119638,0.042433,2.193481,75,75,0
41_runtime_vs_gates_by_safe_passage_strategy.png,homogeneous_baseline,gates,safe_passage_strategy,homogeneous,58,0.134377,0.041515,2.409205,81,81,0
41_runtime_vs_gates_by_safe_passage_strategy.png,homogeneous_baseline,gates,safe_passage_strategy,homogeneous,130,1.309545,0.061691,73.870448,176,176,0
41_runtime_vs_gates_by_safe_passage_strategy.png,homogeneous_baseline,gates,safe_passage_strategy,homogeneous,255,33.1337355,5.925903,462.37372,102,102,0
41_runtime_vs_gates_by_safe_passage_strategy.png,homogeneous_baseline,gates,safe_passage_strategy,homogeneous,380,0.43800399999999995,0.083353,2.233362,82,82,0
41_runtime_vs_gates_by_safe_passage_strategy.png,homogeneous_baseline,gates,safe_passage_strategy,homogeneous,384,0.2181325,0.094576,1.34726,74,74,0
41_runtime_vs_gates_by_safe_passage_strategy.png,homogeneous_baseline,gates,safe_passage_strategy,homogeneous,455,2.628594,0.378979,10.631597,87,87,0
42_runtime_vs_graph_nodes_by_size_moltiplier.png,grouped_factor,graph_nodes,size_moltiplier,0.3,16,0.0101885,0.009042,0.023291,8,8,0
42_runtime_vs_graph_nodes_by_size_moltiplier.png,grouped_factor,graph_nodes,size_moltiplier,0.3,25,0.012195000000000001,0.010793,0.022344,4,4,0
42_runtime_vs_graph_nodes_by_size_moltiplier.png,grouped_factor,graph_nodes,size_moltiplier,0.3,36,0.0212145,0.013589,0.025505,4,4,0
42_runtime_vs_graph_nodes_by_size_moltiplier.png,grouped_factor,graph_nodes,size_moltiplier,0.3,49,1.3840705,0.469694,2.285533,4,4,0
42_runtime_vs_graph_nodes_by_size_moltiplier.png,grouped_factor,graph_nodes,size_moltiplier,0.3,64,0.0130195,0.010511,374.624001,16,16,0
42_runtime_vs_graph_nodes_by_size_moltiplier.png,grouped_factor,graph_nodes,size_moltiplier,0.3,81,0.020581000000000002,0.01647,0.021167,4,4,0
42_runtime_vs_graph_nodes_by_size_moltiplier.png,grouped_factor,graph_nodes,size_moltiplier,0.3,100,0.5007145,0.159941,1.727943,12,12,0
42_runtime_vs_graph_nodes_by_size_moltiplier.png,grouped_factor,graph_nodes,size_moltiplier,0.3,121,133.97173700000002,0.379465,750.551125,10,10,0
42_runtime_vs_graph_nodes_by_size_moltiplier.png,grouped_factor,graph_nodes,size_moltiplier,0.3,144,0.2259065,0.086206,0.343596,8,8,0
42_runtime_vs_graph_nodes_by_size_moltiplier.png,grouped_factor,graph_nodes,size_moltiplier,0.3,225,284.426127,0.081077,907.385862,8,8,0
42_runtime_vs_graph_nodes_by_size_moltiplier.png,grouped_factor,graph_nodes,size_moltiplier,0.3,256,0.178711,0.047323,0.22133,4,4,0
42_runtime_vs_graph_nodes_by_size_moltiplier.png,grouped_factor,graph_nodes,size_moltiplier,0.3,576,2.2842795000000002,0.566869,2.458405,4,4,0
42_runtime_vs_graph_nodes_by_size_moltiplier.png,grouped_factor,graph_nodes,size_moltiplier,0.3,1444,94.18847099999999,24.727272,99.054437,4,4,0
42_runtime_vs_graph_nodes_by_size_moltiplier.png,grouped_factor,graph_nodes,size_moltiplier,0.3,1681,71.64228600000001,12.464086,74.651043,4,4,0
42_runtime_vs_graph_nodes_by_size_moltiplier.png,grouped_factor,graph_nodes,size_moltiplier,0.5,16,0.0109695,0.00864,0.020465,8,8,0
42_runtime_vs_graph_nodes_by_size_moltiplier.png,grouped_factor,graph_nodes,size_moltiplier,0.5,25,0.0161585,0.011451,0.020267,4,4,0
42_runtime_vs_graph_nodes_by_size_moltiplier.png,grouped_factor,graph_nodes,size_moltiplier,0.5,36,0.026677,0.018694,0.03067,4,4,0
42_runtime_vs_graph_nodes_by_size_moltiplier.png,grouped_factor,graph_nodes,size_moltiplier,0.5,49,1.1303480000000001,0.509621,2.035783,4,4,0
42_runtime_vs_graph_nodes_by_size_moltiplier.png,grouped_factor,graph_nodes,size_moltiplier,0.5,64,0.013165,0.009362,364.712066,16,16,0
42_runtime_vs_graph_nodes_by_size_moltiplier.png,grouped_factor,graph_nodes,size_moltiplier,0.5,81,0.021162,0.018259,0.028209,4,4,0
42_runtime_vs_graph_nodes_by_size_moltiplier.png,grouped_factor,graph_nodes,size_moltiplier,0.5,100,0.3238245,0.053152,1.978888,12,12,0
42_runtime_vs_graph_nodes_by_size_moltiplier.png,grouped_factor,graph_nodes,size_moltiplier,0.5,121,250.2273425,0.239829,854.666769,12,12,0
42_runtime_vs_graph_nodes_by_size_moltiplier.png,grouped_factor,graph_nodes,size_moltiplier,0.5,144,0.12924449999999998,0.051176,0.307451,8,8,0
42_runtime_vs_graph_nodes_by_size_moltiplier.png,grouped_factor,graph_nodes,size_moltiplier,0.5,225,328.587579,0.052854,941.977458,8,8,0
42_runtime_vs_graph_nodes_by_size_moltiplier.png,grouped_factor,graph_nodes,size_moltiplier,0.5,256,0.118118,0.043108,0.170165,4,4,0
42_runtime_vs_graph_nodes_by_size_moltiplier.png,grouped_factor,graph_nodes,size_moltiplier,0.5,361,8.118018,2.631769,13.739553,4,4,0
42_runtime_vs_graph_nodes_by_size_moltiplier.png,grouped_factor,graph_nodes,size_moltiplier,0.5,576,1.365589,0.382445,2.263227,4,4,0
42_runtime_vs_graph_nodes_by_size_moltiplier.png,grouped_factor,graph_nodes,size_moltiplier,0.5,1444,128.058642,36.022823,214.129758,4,4,0
42_runtime_vs_graph_nodes_by_size_moltiplier.png,grouped_factor,graph_nodes,size_moltiplier,0.5,1681,43.323513,10.940236,74.468101,4,4,0
42_runtime_vs_graph_nodes_by_size_moltiplier.png,grouped_factor,graph_nodes,size_moltiplier,0.7,16,0.013152,0.009559,0.015439,8,8,0
42_runtime_vs_graph_nodes_by_size_moltiplier.png,grouped_factor,graph_nodes,size_moltiplier,0.7,25,0.011866,0.011253,0.0134,4,4,0
42_runtime_vs_graph_nodes_by_size_moltiplier.png,grouped_factor,graph_nodes,size_moltiplier,0.7,36,0.0162725,0.015016,0.023859,4,4,0
42_runtime_vs_graph_nodes_by_size_moltiplier.png,grouped_factor,graph_nodes,size_moltiplier,0.7,49,1.123287,0.432324,1.947856,4,4,0
42_runtime_vs_graph_nodes_by_size_moltiplier.png,grouped_factor,graph_nodes,size_moltiplier,0.7,64,0.014466,0.011614,415.114726,16,16,0
42_runtime_vs_graph_nodes_by_size_moltiplier.png,grouped_factor,graph_nodes,size_moltiplier,0.7,81,0.018044499999999998,0.016905,0.024974,4,4,0
42_runtime_vs_graph_nodes_by_size_moltiplier.png,grouped_factor,graph_nodes,size_moltiplier,0.7,100,0.33208150000000003,0.068028,1.705663,12,12,0
42_runtime_vs_graph_nodes_by_size_moltiplier.png,grouped_factor,graph_nodes,size_moltiplier,0.7,121,268.5079025,0.17085,976.248881,12,12,0
42_runtime_vs_graph_nodes_by_size_moltiplier.png,grouped_factor,graph_nodes,size_moltiplier,0.7,144,0.115758,0.054254,0.312427,8,8,0
42_runtime_vs_graph_nodes_by_size_moltiplier.png,grouped_factor,graph_nodes,size_moltiplier,0.7,225,0.213274,0.062271,932.148262,6,6,0
42_runtime_vs_graph_nodes_by_size_moltiplier.png,grouped_factor,graph_nodes,size_moltiplier,0.7,576,1.2324344999999999,0.371466,2.273303,4,4,0
42_runtime_vs_graph_nodes_by_size_moltiplier.png,grouped_factor,graph_nodes,size_moltiplier,0.7,1444,159.5587525,36.091708,293.1576,4,4,0
42_runtime_vs_graph_nodes_by_size_moltiplier.png,grouped_factor,graph_nodes,size_moltiplier,0.7,1681,40.719266499999996,10.903384,69.668115,4,4,0
42_runtime_vs_graph_nodes_by_size_moltiplier.png,grouped_factor,graph_nodes,size_moltiplier,1,16,0.013345,0.009305,0.025231,8,8,0
42_runtime_vs_graph_nodes_by_size_moltiplier.png,grouped_factor,graph_nodes,size_moltiplier,1,25,0.011518500000000001,0.011345,0.02854,4,4,0
42_runtime_vs_graph_nodes_by_size_moltiplier.png,grouped_factor,graph_nodes,size_moltiplier,1,36,0.0164145,0.013592,0.035299,4,4,0
42_runtime_vs_graph_nodes_by_size_moltiplier.png,grouped_factor,graph_nodes,size_moltiplier,1,49,0.9611755,0.406157,1.539451,4,4,0
42_runtime_vs_graph_nodes_by_size_moltiplier.png,grouped_factor,graph_nodes,size_moltiplier,1,64,0.01361,0.011031,425.025721,16,16,0
42_runtime_vs_graph_nodes_by_size_moltiplier.png,grouped_factor,graph_nodes,size_moltiplier,1,81,0.022508,0.01502,0.026987,4,4,0
42_runtime_vs_graph_nodes_by_size_moltiplier.png,grouped_factor,graph_nodes,size_moltiplier,1,100,0.28606,0.070418,1.314858,12,12,0
42_runtime_vs_graph_nodes_by_size_moltiplier.png,grouped_factor,graph_nodes,size_moltiplier,1,121,259.003734,0.180181,947.247025,12,12,0
42_runtime_vs_graph_nodes_by_size_moltiplier.png,grouped_factor,graph_nodes,size_moltiplier,1,144,0.163741,0.043235,0.281844,8,8,0
42_runtime_vs_graph_nodes_by_size_moltiplier.png,grouped_factor,graph_nodes,size_moltiplier,1,225,313.4267995,0.048544,945.422246,8,8,0
42_runtime_vs_graph_nodes_by_size_moltiplier.png,grouped_factor,graph_nodes,size_moltiplier,1,256,0.1655895,0.162419,0.16876,2,2,0
42_runtime_vs_graph_nodes_by_size_moltiplier.png,grouped_factor,graph_nodes,size_moltiplier,1,576,1.306608,0.317198,2.33416,4,4,0
42_runtime_vs_graph_nodes_by_size_moltiplier.png,grouped_factor,graph_nodes,size_moltiplier,1,1444,151.752696,24.688011,326.301871,4,4,0
42_runtime_vs_graph_nodes_by_size_moltiplier.png,grouped_factor,graph_nodes,size_moltiplier,1,1681,38.256128499999996,11.054407,66.612859,4,4,0
42_runtime_vs_graph_nodes_by_size_moltiplier.png,homogeneous_baseline,graph_nodes,size_moltiplier,homogeneous,16,0.011543999999999999,0.008951,0.05468,98,98,0
42_runtime_vs_graph_nodes_by_size_moltiplier.png,homogeneous_baseline,graph_nodes,size_moltiplier,homogeneous,25,0.014805,0.010304,0.088398,63,63,0
42_runtime_vs_graph_nodes_by_size_moltiplier.png,homogeneous_baseline,graph_nodes,size_moltiplier,homogeneous,36,0.027931,0.018004,0.071774,37,37,0
42_runtime_vs_graph_nodes_by_size_moltiplier.png,homogeneous_baseline,graph_nodes,size_moltiplier,homogeneous,49,0.028833,0.010294,470.252721,61,61,0
42_runtime_vs_graph_nodes_by_size_moltiplier.png,homogeneous_baseline,graph_nodes,size_moltiplier,homogeneous,64,0.0190095,0.010799,459.96972,124,124,0
42_runtime_vs_graph_nodes_by_size_moltiplier.png,homogeneous_baseline,graph_nodes,size_moltiplier,homogeneous,81,0.047391,0.01752,0.380795,73,73,0
42_runtime_vs_graph_nodes_by_size_moltiplier.png,homogeneous_baseline,graph_nodes,size_moltiplier,homogeneous,100,0.242757,0.04926,555.176835,128,128,0
42_runtime_vs_graph_nodes_by_size_moltiplier.png,homogeneous_baseline,graph_nodes,size_moltiplier,homogeneous,121,247.791534,0.053902,599.940473,75,75,0
42_runtime_vs_graph_nodes_by_size_moltiplier.png,homogeneous_baseline,graph_nodes,size_moltiplier,homogeneous,144,0.121922,0.059629,0.574567,55,55,0
42_runtime_vs_graph_nodes_by_size_moltiplier.png,homogeneous_baseline,graph_nodes,size_moltiplier,homogeneous,169,0.159191,0.041515,0.973712,105,105,0
42_runtime_vs_graph_nodes_by_size_moltiplier.png,homogeneous_baseline,graph_nodes,size_moltiplier,homogeneous,196,0.235185,0.072031,1.48376,54,54,0
42_runtime_vs_graph_nodes_by_size_moltiplier.png,homogeneous_baseline,graph_nodes,size_moltiplier,homogeneous,225,0.237402,0.052263,644.862559,37,37,0
42_runtime_vs_graph_nodes_by_size_moltiplier.png,homogeneous_baseline,graph_nodes,size_moltiplier,homogeneous,256,0.1530375,0.06976,0.396555,48,48,0
42_runtime_vs_graph_nodes_by_size_moltiplier.png,homogeneous_baseline,graph_nodes,size_moltiplier,homogeneous,324,2.541305,1.921857,3.429124,12,12,0
42_runtime_vs_graph_nodes_by_size_moltiplier.png,homogeneous_baseline,graph_nodes,size_moltiplier,homogeneous,361,2.3755705000000003,1.386969,4.017107,18,18,0
42_runtime_vs_graph_nodes_by_size_moltiplier.png,homogeneous_baseline,graph_nodes,size_moltiplier,homogeneous,400,2.725447,2.149057,3.253376,6,6,0
42_runtime_vs_graph_nodes_by_size_moltiplier.png,homogeneous_baseline,graph_nodes,size_moltiplier,homogeneous,529,2.26874,0.674686,4.737018,24,24,0
42_runtime_vs_graph_nodes_by_size_moltiplier.png,homogeneous_baseline,graph_nodes,size_moltiplier,homogeneous,576,3.281109,0.378979,6.439335,25,25,0
42_runtime_vs_graph_nodes_by_size_moltiplier.png,homogeneous_baseline,graph_nodes,size_moltiplier,homogeneous,676,6.030619,1.196789,14.714451,12,12,0
42_runtime_vs_graph_nodes_by_size_moltiplier.png,homogeneous_baseline,graph_nodes,size_moltiplier,homogeneous,729,2.462784,1.264871,16.865719,18,18,0
42_runtime_vs_graph_nodes_by_size_moltiplier.png,homogeneous_baseline,graph_nodes,size_moltiplier,homogeneous,784,7.159019,1.386168,21.182975,12,12,0
42_runtime_vs_graph_nodes_by_size_moltiplier.png,homogeneous_baseline,graph_nodes,size_moltiplier,homogeneous,961,4.826700499999999,1.323248,23.865999,24,24,0
42_runtime_vs_graph_nodes_by_size_moltiplier.png,homogeneous_baseline,graph_nodes,size_moltiplier,homogeneous,1024,10.2928125,3.393382,45.920107,22,22,0
42_runtime_vs_graph_nodes_by_size_moltiplier.png,homogeneous_baseline,graph_nodes,size_moltiplier,homogeneous,1296,32.7690945,5.925903,81.806428,12,12,0
42_runtime_vs_graph_nodes_by_size_moltiplier.png,homogeneous_baseline,graph_nodes,size_moltiplier,homogeneous,1369,16.979494,6.378741,86.243917,12,12,0
42_runtime_vs_graph_nodes_by_size_moltiplier.png,homogeneous_baseline,graph_nodes,size_moltiplier,homogeneous,1444,37.644389000000004,6.923281,100.263129,12,12,0
42_runtime_vs_graph_nodes_by_size_moltiplier.png,homogeneous_baseline,graph_nodes,size_moltiplier,homogeneous,1600,39.382852,7.80125,123.581248,13,13,0
42_runtime_vs_graph_nodes_by_size_moltiplier.png,homogeneous_baseline,graph_nodes,size_moltiplier,homogeneous,1681,11.661299,6.353611,126.54584,13,13,0
42_runtime_vs_graph_nodes_by_size_moltiplier.png,homogeneous_baseline,graph_nodes,size_moltiplier,homogeneous,1764,37.5861075,10.207009,167.739412,24,24,0
42_runtime_vs_graph_nodes_by_size_moltiplier.png,homogeneous_baseline,graph_nodes,size_moltiplier,homogeneous,1936,49.607292,12.325535,186.88849,14,14,0
42_runtime_vs_graph_nodes_by_size_moltiplier.png,homogeneous_baseline,graph_nodes,size_moltiplier,homogeneous,3600,2.1884775,0.353809,462.37372,28,28,0
43_runtime_vs_graph_nodes_by_gaussian_confidence.png,grouped_factor,graph_nodes,gaussian_confidence,0.66,16,0.009558,0.00864,0.010497,8,8,0
43_runtime_vs_graph_nodes_by_gaussian_confidence.png,grouped_factor,graph_nodes,gaussian_confidence,0.66,25,0.011813,0.011345,0.012175,4,4,0
43_runtime_vs_graph_nodes_by_gaussian_confidence.png,grouped_factor,graph_nodes,gaussian_confidence,0.66,36,0.0226135,0.016001,0.03067,4,4,0
43_runtime_vs_graph_nodes_by_gaussian_confidence.png,grouped_factor,graph_nodes,gaussian_confidence,0.66,49,1.7773720000000002,1.539451,2.285533,4,4,0
43_runtime_vs_graph_nodes_by_gaussian_confidence.png,grouped_factor,graph_nodes,gaussian_confidence,0.66,64,0.0127485,0.010511,166.597827,16,16,0
43_runtime_vs_graph_nodes_by_gaussian_confidence.png,grouped_factor,graph_nodes,gaussian_confidence,0.66,81,0.023830499999999998,0.020235,0.026987,4,4,0
43_runtime_vs_graph_nodes_by_gaussian_confidence.png,grouped_factor,graph_nodes,gaussian_confidence,0.66,100,0.5584185,0.205684,1.727943,12,12,0
43_runtime_vs_graph_nodes_by_gaussian_confidence.png,grouped_factor,graph_nodes,gaussian_confidence,0.66,121,135.97778499999998,0.756325,799.151235,12,12,0
43_runtime_vs_graph_nodes_by_gaussian_confidence.png,grouped_factor,graph_nodes,gaussian_confidence,0.66,144,0.2560535,0.162266,0.312427,8,8,0
43_runtime_vs_graph_nodes_by_gaussian_confidence.png,grouped_factor,graph_nodes,gaussian_confidence,0.66,225,0.222221,0.200577,656.944466,7,7,0
43_runtime_vs_graph_nodes_by_gaussian_confidence.png,grouped_factor,graph_nodes,gaussian_confidence,0.66,256,0.170165,0.16876,0.185304,3,3,0
43_runtime_vs_graph_nodes_by_gaussian_confidence.png,grouped_factor,graph_nodes,gaussian_confidence,0.66,361,13.739553,13.739553,13.739553,1,1,0
43_runtime_vs_graph_nodes_by_gaussian_confidence.png,grouped_factor,graph_nodes,gaussian_confidence,0.66,576,2.2908334999999997,2.080494,2.33416,4,4,0
43_runtime_vs_graph_nodes_by_gaussian_confidence.png,grouped_factor,graph_nodes,gaussian_confidence,0.66,1444,253.64367900000002,93.270206,326.301871,4,4,0
43_runtime_vs_graph_nodes_by_gaussian_confidence.png,grouped_factor,graph_nodes,gaussian_confidence,0.66,1681,69.710424,65.433258,72.640703,4,4,0
43_runtime_vs_graph_nodes_by_gaussian_confidence.png,grouped_factor,graph_nodes,gaussian_confidence,0.8,16,0.0102755,0.009164,0.012196,8,8,0
43_runtime_vs_graph_nodes_by_gaussian_confidence.png,grouped_factor,graph_nodes,gaussian_confidence,0.8,25,0.011564,0.011368,0.012819,4,4,0
43_runtime_vs_graph_nodes_by_gaussian_confidence.png,grouped_factor,graph_nodes,gaussian_confidence,0.8,36,0.0189445,0.016609,0.025151,4,4,0
43_runtime_vs_graph_nodes_by_gaussian_confidence.png,grouped_factor,graph_nodes,gaussian_confidence,0.8,49,1.9918195,1.487958,2.251635,4,4,0
43_runtime_vs_graph_nodes_by_gaussian_confidence.png,grouped_factor,graph_nodes,gaussian_confidence,0.8,64,0.012899500000000001,0.011197,171.624319,16,16,0
43_runtime_vs_graph_nodes_by_gaussian_confidence.png,grouped_factor,graph_nodes,gaussian_confidence,0.8,81,0.020282,0.018605,0.02133,4,4,0
43_runtime_vs_graph_nodes_by_gaussian_confidence.png,grouped_factor,graph_nodes,gaussian_confidence,0.8,100,0.5913440000000001,0.172986,1.978888,12,12,0
43_runtime_vs_graph_nodes_by_gaussian_confidence.png,grouped_factor,graph_nodes,gaussian_confidence,0.8,121,138.177356,0.749773,833.16451,12,12,0
43_runtime_vs_graph_nodes_by_gaussian_confidence.png,grouped_factor,graph_nodes,gaussian_confidence,0.8,144,0.236546,0.162227,0.307451,8,8,0
43_runtime_vs_graph_nodes_by_gaussian_confidence.png,grouped_factor,graph_nodes,gaussian_confidence,0.8,225,0.230692,0.204931,678.756414,7,7,0
43_runtime_vs_graph_nodes_by_gaussian_confidence.png,grouped_factor,graph_nodes,gaussian_confidence,0.8,256,0.162419,0.158141,0.172118,3,3,0
43_runtime_vs_graph_nodes_by_gaussian_confidence.png,grouped_factor,graph_nodes,gaussian_confidence,0.8,361,13.206099,13.206099,13.206099,1,1,0
43_runtime_vs_graph_nodes_by_gaussian_confidence.png,grouped_factor,graph_nodes,gaussian_confidence,0.8,576,2.2704945,2.263227,2.458405,4,4,0
43_runtime_vs_graph_nodes_by_gaussian_confidence.png,grouped_factor,graph_nodes,gaussian_confidence,0.8,1444,239.88838749999996,99.054437,276.363651,4,4,0
43_runtime_vs_graph_nodes_by_gaussian_confidence.png,grouped_factor,graph_nodes,gaussian_confidence,0.8,1681,70.8737845,66.612859,74.468101,4,4,0
43_runtime_vs_graph_nodes_by_gaussian_confidence.png,grouped_factor,graph_nodes,gaussian_confidence,0.95,16,0.014460500000000001,0.009349,0.020562,8,8,0
43_runtime_vs_graph_nodes_by_gaussian_confidence.png,grouped_factor,graph_nodes,gaussian_confidence,0.95,25,0.011461,0.010793,0.020142,4,4,0
43_runtime_vs_graph_nodes_by_gaussian_confidence.png,grouped_factor,graph_nodes,gaussian_confidence,0.95,36,0.0202605,0.013592,0.028203,4,4,0
43_runtime_vs_graph_nodes_by_gaussian_confidence.png,grouped_factor,graph_nodes,gaussian_confidence,0.95,49,0.47200699999999995,0.432324,0.516506,4,4,0
43_runtime_vs_graph_nodes_by_gaussian_confidence.png,grouped_factor,graph_nodes,gaussian_confidence,0.95,64,0.015517,0.009362,390.656443,16,16,0
43_runtime_vs_graph_nodes_by_gaussian_confidence.png,grouped_factor,graph_nodes,gaussian_confidence,0.95,81,0.019035999999999997,0.01502,0.028209,4,4,0
43_runtime_vs_graph_nodes_by_gaussian_confidence.png,grouped_factor,graph_nodes,gaussian_confidence,0.95,100,0.2644185,0.053152,0.672672,12,12,0
43_runtime_vs_graph_nodes_by_gaussian_confidence.png,grouped_factor,graph_nodes,gaussian_confidence,0.95,121,361.740867,0.180181,976.248881,11,11,0
43_runtime_vs_graph_nodes_by_gaussian_confidence.png,grouped_factor,graph_nodes,gaussian_confidence,0.95,144,0.077706,0.043235,0.343596,8,8,0
43_runtime_vs_graph_nodes_by_gaussian_confidence.png,grouped_factor,graph_nodes,gaussian_confidence,0.95,225,453.79868799999997,0.048544,945.422246,8,8,0
43_runtime_vs_graph_nodes_by_gaussian_confidence.png,grouped_factor,graph_nodes,gaussian_confidence,0.95,256,0.1497125,0.078095,0.22133,2,2,0
43_runtime_vs_graph_nodes_by_gaussian_confidence.png,grouped_factor,graph_nodes,gaussian_confidence,0.95,361,3.029937,3.029937,3.029937,1,1,0
43_runtime_vs_graph_nodes_by_gaussian_confidence.png,grouped_factor,graph_nodes,gaussian_confidence,0.95,576,0.42775050000000003,0.317198,2.246944,4,4,0
43_runtime_vs_graph_nodes_by_gaussian_confidence.png,grouped_factor,graph_nodes,gaussian_confidence,0.95,1444,44.517445499999994,33.564864,95.106736,4,4,0
43_runtime_vs_graph_nodes_by_gaussian_confidence.png,grouped_factor,graph_nodes,gaussian_confidence,0.95,1681,13.614563,11.054407,74.651043,4,4,0
43_runtime_vs_graph_nodes_by_gaussian_confidence.png,grouped_factor,graph_nodes,gaussian_confidence,0.99,16,0.019288,0.013421,0.025231,8,8,0
43_runtime_vs_graph_nodes_by_gaussian_confidence.png,grouped_factor,graph_nodes,gaussian_confidence,0.99,25,0.021305499999999998,0.0134,0.02854,4,4,0
43_runtime_vs_graph_nodes_by_gaussian_confidence.png,grouped_factor,graph_nodes,gaussian_confidence,0.99,36,0.017314999999999997,0.013589,0.035299,4,4,0
43_runtime_vs_graph_nodes_by_gaussian_confidence.png,grouped_factor,graph_nodes,gaussian_confidence,0.99,49,0.454844,0.406157,0.512532,4,4,0
43_runtime_vs_graph_nodes_by_gaussian_confidence.png,grouped_factor,graph_nodes,gaussian_confidence,0.99,64,0.017363,0.011031,425.025721,16,16,0
43_runtime_vs_graph_nodes_by_gaussian_confidence.png,grouped_factor,graph_nodes,gaussian_confidence,0.99,81,0.0178715,0.01647,0.023686,4,4,0
43_runtime_vs_graph_nodes_by_gaussian_confidence.png,grouped_factor,graph_nodes,gaussian_confidence,0.99,100,0.164512,0.070418,0.418202,12,12,0
43_runtime_vs_graph_nodes_by_gaussian_confidence.png,grouped_factor,graph_nodes,gaussian_confidence,0.99,121,380.121649,0.17085,967.740895,11,11,0
43_runtime_vs_graph_nodes_by_gaussian_confidence.png,grouped_factor,graph_nodes,gaussian_confidence,0.99,144,0.0642905,0.051176,0.103116,8,8,0
43_runtime_vs_graph_nodes_by_gaussian_confidence.png,grouped_factor,graph_nodes,gaussian_confidence,0.99,225,428.2793275,0.058693,933.103573,8,8,0
43_runtime_vs_graph_nodes_by_gaussian_confidence.png,grouped_factor,graph_nodes,gaussian_confidence,0.99,256,0.0452155,0.043108,0.047323,2,2,0
43_runtime_vs_graph_nodes_by_gaussian_confidence.png,grouped_factor,graph_nodes,gaussian_confidence,0.99,361,2.631769,2.631769,2.631769,1,1,0
43_runtime_vs_graph_nodes_by_gaussian_confidence.png,grouped_factor,graph_nodes,gaussian_confidence,0.99,576,0.3769555,0.34553,0.566869,4,4,0
43_runtime_vs_graph_nodes_by_gaussian_confidence.png,grouped_factor,graph_nodes,gaussian_confidence,0.99,1444,30.3750475,24.688011,36.091708,4,4,0
43_runtime_vs_graph_nodes_by_gaussian_confidence.png,grouped_factor,graph_nodes,gaussian_confidence,0.99,1681,11.009617500000001,10.903384,12.464086,4,4,0
43_runtime_vs_graph_nodes_by_gaussian_confidence.png,homogeneous_baseline,graph_nodes,gaussian_confidence,homogeneous,16,0.011543999999999999,0.008951,0.05468,98,98,0
43_runtime_vs_graph_nodes_by_gaussian_confidence.png,homogeneous_baseline,graph_nodes,gaussian_confidence,homogeneous,25,0.014805,0.010304,0.088398,63,63,0
43_runtime_vs_graph_nodes_by_gaussian_confidence.png,homogeneous_baseline,graph_nodes,gaussian_confidence,homogeneous,36,0.027931,0.018004,0.071774,37,37,0
43_runtime_vs_graph_nodes_by_gaussian_confidence.png,homogeneous_baseline,graph_nodes,gaussian_confidence,homogeneous,49,0.028833,0.010294,470.252721,61,61,0
43_runtime_vs_graph_nodes_by_gaussian_confidence.png,homogeneous_baseline,graph_nodes,gaussian_confidence,homogeneous,64,0.0190095,0.010799,459.96972,124,124,0
43_runtime_vs_graph_nodes_by_gaussian_confidence.png,homogeneous_baseline,graph_nodes,gaussian_confidence,homogeneous,81,0.047391,0.01752,0.380795,73,73,0
43_runtime_vs_graph_nodes_by_gaussian_confidence.png,homogeneous_baseline,graph_nodes,gaussian_confidence,homogeneous,100,0.242757,0.04926,555.176835,128,128,0
43_runtime_vs_graph_nodes_by_gaussian_confidence.png,homogeneous_baseline,graph_nodes,gaussian_confidence,homogeneous,121,247.791534,0.053902,599.940473,75,75,0
43_runtime_vs_graph_nodes_by_gaussian_confidence.png,homogeneous_baseline,graph_nodes,gaussian_confidence,homogeneous,144,0.121922,0.059629,0.574567,55,55,0
43_runtime_vs_graph_nodes_by_gaussian_confidence.png,homogeneous_baseline,graph_nodes,gaussian_confidence,homogeneous,169,0.159191,0.041515,0.973712,105,105,0
43_runtime_vs_graph_nodes_by_gaussian_confidence.png,homogeneous_baseline,graph_nodes,gaussian_confidence,homogeneous,196,0.235185,0.072031,1.48376,54,54,0
43_runtime_vs_graph_nodes_by_gaussian_confidence.png,homogeneous_baseline,graph_nodes,gaussian_confidence,homogeneous,225,0.237402,0.052263,644.862559,37,37,0
43_runtime_vs_graph_nodes_by_gaussian_confidence.png,homogeneous_baseline,graph_nodes,gaussian_confidence,homogeneous,256,0.1530375,0.06976,0.396555,48,48,0
43_runtime_vs_graph_nodes_by_gaussian_confidence.png,homogeneous_baseline,graph_nodes,gaussian_confidence,homogeneous,324,2.541305,1.921857,3.429124,12,12,0
43_runtime_vs_graph_nodes_by_gaussian_confidence.png,homogeneous_baseline,graph_nodes,gaussian_confidence,homogeneous,361,2.3755705000000003,1.386969,4.017107,18,18,0
43_runtime_vs_graph_nodes_by_gaussian_confidence.png,homogeneous_baseline,graph_nodes,gaussian_confidence,homogeneous,400,2.725447,2.149057,3.253376,6,6,0
43_runtime_vs_graph_nodes_by_gaussian_confidence.png,homogeneous_baseline,graph_nodes,gaussian_confidence,homogeneous,529,2.26874,0.674686,4.737018,24,24,0
43_runtime_vs_graph_nodes_by_gaussian_confidence.png,homogeneous_baseline,graph_nodes,gaussian_confidence,homogeneous,576,3.281109,0.378979,6.439335,25,25,0
43_runtime_vs_graph_nodes_by_gaussian_confidence.png,homogeneous_baseline,graph_nodes,gaussian_confidence,homogeneous,676,6.030619,1.196789,14.714451,12,12,0
43_runtime_vs_graph_nodes_by_gaussian_confidence.png,homogeneous_baseline,graph_nodes,gaussian_confidence,homogeneous,729,2.462784,1.264871,16.865719,18,18,0
43_runtime_vs_graph_nodes_by_gaussian_confidence.png,homogeneous_baseline,graph_nodes,gaussian_confidence,homogeneous,784,7.159019,1.386168,21.182975,12,12,0
43_runtime_vs_graph_nodes_by_gaussian_confidence.png,homogeneous_baseline,graph_nodes,gaussian_confidence,homogeneous,961,4.826700499999999,1.323248,23.865999,24,24,0
43_runtime_vs_graph_nodes_by_gaussian_confidence.png,homogeneous_baseline,graph_nodes,gaussian_confidence,homogeneous,1024,10.2928125,3.393382,45.920107,22,22,0
43_runtime_vs_graph_nodes_by_gaussian_confidence.png,homogeneous_baseline,graph_nodes,gaussian_confidence,homogeneous,1296,32.7690945,5.925903,81.806428,12,12,0
43_runtime_vs_graph_nodes_by_gaussian_confidence.png,homogeneous_baseline,graph_nodes,gaussian_confidence,homogeneous,1369,16.979494,6.378741,86.243917,12,12,0
43_runtime_vs_graph_nodes_by_gaussian_confidence.png,homogeneous_baseline,graph_nodes,gaussian_confidence,homogeneous,1444,37.644389000000004,6.923281,100.263129,12,12,0
43_runtime_vs_graph_nodes_by_gaussian_confidence.png,homogeneous_baseline,graph_nodes,gaussian_confidence,homogeneous,1600,39.382852,7.80125,123.581248,13,13,0
43_runtime_vs_graph_nodes_by_gaussian_confidence.png,homogeneous_baseline,graph_nodes,gaussian_confidence,homogeneous,1681,11.661299,6.353611,126.54584,13,13,0
43_runtime_vs_graph_nodes_by_gaussian_confidence.png,homogeneous_baseline,graph_nodes,gaussian_confidence,homogeneous,1764,37.5861075,10.207009,167.739412,24,24,0
43_runtime_vs_graph_nodes_by_gaussian_confidence.png,homogeneous_baseline,graph_nodes,gaussian_confidence,homogeneous,1936,49.607292,12.325535,186.88849,14,14,0
43_runtime_vs_graph_nodes_by_gaussian_confidence.png,homogeneous_baseline,graph_nodes,gaussian_confidence,homogeneous,3600,2.1884775,0.353809,462.37372,28,28,0
44_runtime_vs_graph_nodes_by_safe_passage_strategy.png,grouped_factor,graph_nodes,safe_passage_strategy,connectivity,16,0.011755999999999999,0.008545,0.065021,692,692,0
44_runtime_vs_graph_nodes_by_safe_passage_strategy.png,grouped_factor,graph_nodes,safe_passage_strategy,connectivity,25,0.015614,0.00997,0.18436,385,385,0
44_runtime_vs_graph_nodes_by_safe_passage_strategy.png,grouped_factor,graph_nodes,safe_passage_strategy,connectivity,36,0.025151,0.013589,0.217482,193,193,0
44_runtime_vs_graph_nodes_by_safe_passage_strategy.png,grouped_factor,graph_nodes,safe_passage_strategy,connectivity,49,263.5962775,0.406157,543.09778,220,220,0
44_runtime_vs_graph_nodes_by_safe_passage_strategy.png,grouped_factor,graph_nodes,safe_passage_strategy,connectivity,64,258.656728,143.211946,483.54705,116,116,0
44_runtime_vs_graph_nodes_by_safe_passage_strategy.png,grouped_factor,graph_nodes,safe_passage_strategy,connectivity,81,0.2199245,0.018354,1.87842,322,322,0
44_runtime_vs_graph_nodes_by_safe_passage_strategy.png,grouped_factor,graph_nodes,safe_passage_strategy,connectivity,100,0.47293799999999997,0.037776,580.947891,636,636,0
44_runtime_vs_graph_nodes_by_safe_passage_strategy.png,grouped_factor,graph_nodes,safe_passage_strategy,connectivity,121,0.18742799999999998,0.069201,976.248881,204,204,0
44_runtime_vs_graph_nodes_by_safe_passage_strategy.png,grouped_factor,graph_nodes,safe_passage_strategy,connectivity,144,0.162095,0.012862,1.253622,462,462,0
44_runtime_vs_graph_nodes_by_safe_passage_strategy.png,grouped_factor,graph_nodes,safe_passage_strategy,connectivity,169,0.1566975,0.052826,2.317601,50,50,0
44_runtime_vs_graph_nodes_by_safe_passage_strategy.png,grouped_factor,graph_nodes,safe_passage_strategy,connectivity,196,0.10900599999999999,0.076146,0.141866,2,2,0
44_runtime_vs_graph_nodes_by_safe_passage_strategy.png,grouped_factor,graph_nodes,safe_passage_strategy,connectivity,289,4.9195899999999995,3.232112,9.519504,52,52,0
44_runtime_vs_graph_nodes_by_safe_passage_strategy.png,grouped_factor,graph_nodes,safe_passage_strategy,connectivity,324,5.0207505,1.223684,10.438578,82,82,0
44_runtime_vs_graph_nodes_by_safe_passage_strategy.png,grouped_factor,graph_nodes,safe_passage_strategy,connectivity,361,3.0710685,1.320108,13.739553,34,34,0
44_runtime_vs_graph_nodes_by_safe_passage_strategy.png,grouped_factor,graph_nodes,safe_passage_strategy,connectivity,400,3.9473215,1.440187,14.334341,18,18,0
44_runtime_vs_graph_nodes_by_safe_passage_strategy.png,grouped_factor,graph_nodes,safe_passage_strategy,connectivity,625,24.2759845,5.24694,51.394351,52,52,0
44_runtime_vs_graph_nodes_by_safe_passage_strategy.png,grouped_factor,graph_nodes,safe_passage_strategy,connectivity,676,21.8905315,0.355851,57.526248,80,80,0
44_runtime_vs_graph_nodes_by_safe_passage_strategy.png,grouped_factor,graph_nodes,safe_passage_strategy,connectivity,729,26.2870105,2.312114,66.337815,82,82,0
44_runtime_vs_graph_nodes_by_safe_passage_strategy.png,grouped_factor,graph_nodes,safe_passage_strategy,connectivity,784,24.169038999999998,2.444162,52.743053,24,24,0
44_runtime_vs_graph_nodes_by_safe_passage_strategy.png,grouped_factor,graph_nodes,safe_passage_strategy,connectivity,1024,19.128941,19.128941,19.128941,1,1,0
44_runtime_vs_graph_nodes_by_safe_passage_strategy.png,grouped_factor,graph_nodes,safe_passage_strategy,connectivity,1225,213.7779265,89.216313,488.434414,52,52,0
44_runtime_vs_graph_nodes_by_safe_passage_strategy.png,grouped_factor,graph_nodes,safe_passage_strategy,connectivity,1296,164.67176849999998,6.026377,462.808927,72,72,0
44_runtime_vs_graph_nodes_by_safe_passage_strategy.png,grouped_factor,graph_nodes,safe_passage_strategy,connectivity,1369,208.890852,12.614966,492.467111,70,70,0
44_runtime_vs_graph_nodes_by_safe_passage_strategy.png,grouped_factor,graph_nodes,safe_passage_strategy,connectivity,1444,204.53396750000002,12.913265,484.064523,86,86,0
44_runtime_vs_graph_nodes_by_safe_passage_strategy.png,grouped_factor,graph_nodes,safe_passage_strategy,connectivity,1600,152.25257,14.790467,460.693346,24,24,0
44_runtime_vs_graph_nodes_by_safe_passage_strategy.png,grouped_factor,graph_nodes,safe_passage_strategy,connectivity,1936,383.540436,276.020548,491.060324,2,2,0
44_runtime_vs_graph_nodes_by_safe_passage_strategy.png,grouped_factor,graph_nodes,safe_passage_strategy,connectivity,3600,2.955043,0.3855,268.586415,27,27,0
44_runtime_vs_graph_nodes_by_safe_passage_strategy.png,grouped_factor,graph_nodes,safe_passage_strategy,cube,25,0.099365,0.082093,0.233404,4,4,0
44_runtime_vs_graph_nodes_by_safe_passage_strategy.png,grouped_factor,graph_nodes,safe_passage_strategy,cube,49,0.014711499999999999,0.009209,0.191849,312,312,0
44_runtime_vs_graph_nodes_by_safe_passage_strategy.png,grouped_factor,graph_nodes,safe_passage_strategy,cube,64,0.018126,0.009362,0.116032,672,672,0
44_runtime_vs_graph_nodes_by_safe_passage_strategy.png,grouped_factor,graph_nodes,safe_passage_strategy,cube,81,0.0319515,0.01502,0.089878,328,328,0
44_runtime_vs_graph_nodes_by_safe_passage_strategy.png,grouped_factor,graph_nodes,safe_passage_strategy,cube,100,1.3016860000000001,0.326847,597.207649,18,18,0
44_runtime_vs_graph_nodes_by_safe_passage_strategy.png,grouped_factor,graph_nodes,safe_passage_strategy,cube,121,410.4537725,130.30258,504.398538,328,328,0
44_runtime_vs_graph_nodes_by_safe_passage_strategy.png,grouped_factor,graph_nodes,safe_passage_strategy,cube,169,0.1938125,0.019065,1.14828,450,450,0
44_runtime_vs_graph_nodes_by_safe_passage_strategy.png,grouped_factor,graph_nodes,safe_passage_strategy,cube,196,0.298853,0.018497,3.645599,361,361,0
44_runtime_vs_graph_nodes_by_safe_passage_strategy.png,grouped_factor,graph_nodes,safe_passage_strategy,cube,225,0.29758249999999997,0.013186,945.422246,284,284,0
44_runtime_vs_graph_nodes_by_safe_passage_strategy.png,grouped_factor,graph_nodes,safe_passage_strategy,cube,256,0.301777,0.012933,2.003122,336,336,0
44_runtime_vs_graph_nodes_by_safe_passage_strategy.png,grouped_factor,graph_nodes,safe_passage_strategy,cube,324,9.767482,9.767482,9.767482,1,1,0
44_runtime_vs_graph_nodes_by_safe_passage_strategy.png,grouped_factor,graph_nodes,safe_passage_strategy,cube,529,2.8547510000000003,0.73583,4.41992,152,152,0
44_runtime_vs_graph_nodes_by_safe_passage_strategy.png,grouped_factor,graph_nodes,safe_passage_strategy,cube,576,3.729946,0.317198,14.104025,168,168,0
44_runtime_vs_graph_nodes_by_safe_passage_strategy.png,grouped_factor,graph_nodes,safe_passage_strategy,cube,961,20.718828000000002,0.22034,42.464059,154,154,0
44_runtime_vs_graph_nodes_by_safe_passage_strategy.png,grouped_factor,graph_nodes,safe_passage_strategy,cube,1024,29.164833,1.986677,57.755095,100,100,0
44_runtime_vs_graph_nodes_by_safe_passage_strategy.png,grouped_factor,graph_nodes,safe_passage_strategy,cube,1681,124.69586100000001,8.989042,344.394135,92,92,0
44_runtime_vs_graph_nodes_by_safe_passage_strategy.png,grouped_factor,graph_nodes,safe_passage_strategy,cube,1764,141.40637049999998,1.192175,400.813179,160,160,0
44_runtime_vs_graph_nodes_by_safe_passage_strategy.png,grouped_factor,graph_nodes,safe_passage_strategy,cube,1936,171.01723950000002,11.149106,468.375204,78,78,0
44_runtime_vs_graph_nodes_by_safe_passage_strategy.png,grouped_factor,graph_nodes,safe_passage_strategy,cube,3600,2.0131085,0.344853,571.466987,28,28,0
44_runtime_vs_graph_nodes_by_safe_passage_strategy.png,homogeneous_baseline,graph_nodes,safe_passage_strategy,homogeneous,16,0.011543999999999999,0.008951,0.05468,98,98,0
44_runtime_vs_graph_nodes_by_safe_passage_strategy.png,homogeneous_baseline,graph_nodes,safe_passage_strategy,homogeneous,25,0.014805,0.010304,0.088398,63,63,0
44_runtime_vs_graph_nodes_by_safe_passage_strategy.png,homogeneous_baseline,graph_nodes,safe_passage_strategy,homogeneous,36,0.027931,0.018004,0.071774,37,37,0
44_runtime_vs_graph_nodes_by_safe_passage_strategy.png,homogeneous_baseline,graph_nodes,safe_passage_strategy,homogeneous,49,0.028833,0.010294,470.252721,61,61,0
44_runtime_vs_graph_nodes_by_safe_passage_strategy.png,homogeneous_baseline,graph_nodes,safe_passage_strategy,homogeneous,64,0.0190095,0.010799,459.96972,124,124,0
44_runtime_vs_graph_nodes_by_safe_passage_strategy.png,homogeneous_baseline,graph_nodes,safe_passage_strategy,homogeneous,81,0.047391,0.01752,0.380795,73,73,0
44_runtime_vs_graph_nodes_by_safe_passage_strategy.png,homogeneous_baseline,graph_nodes,safe_passage_strategy,homogeneous,100,0.242757,0.04926,555.176835,128,128,0
44_runtime_vs_graph_nodes_by_safe_passage_strategy.png,homogeneous_baseline,graph_nodes,safe_passage_strategy,homogeneous,121,247.791534,0.053902,599.940473,75,75,0
44_runtime_vs_graph_nodes_by_safe_passage_strategy.png,homogeneous_baseline,graph_nodes,safe_passage_strategy,homogeneous,144,0.121922,0.059629,0.574567,55,55,0
44_runtime_vs_graph_nodes_by_safe_passage_strategy.png,homogeneous_baseline,graph_nodes,safe_passage_strategy,homogeneous,169,0.159191,0.041515,0.973712,105,105,0
44_runtime_vs_graph_nodes_by_safe_passage_strategy.png,homogeneous_baseline,graph_nodes,safe_passage_strategy,homogeneous,196,0.235185,0.072031,1.48376,54,54,0
44_runtime_vs_graph_nodes_by_safe_passage_strategy.png,homogeneous_baseline,graph_nodes,safe_passage_strategy,homogeneous,225,0.237402,0.052263,644.862559,37,37,0
44_runtime_vs_graph_nodes_by_safe_passage_strategy.png,homogeneous_baseline,graph_nodes,safe_passage_strategy,homogeneous,256,0.1530375,0.06976,0.396555,48,48,0
44_runtime_vs_graph_nodes_by_safe_passage_strategy.png,homogeneous_baseline,graph_nodes,safe_passage_strategy,homogeneous,324,2.541305,1.921857,3.429124,12,12,0
44_runtime_vs_graph_nodes_by_safe_passage_strategy.png,homogeneous_baseline,graph_nodes,safe_passage_strategy,homogeneous,361,2.3755705000000003,1.386969,4.017107,18,18,0
44_runtime_vs_graph_nodes_by_safe_passage_strategy.png,homogeneous_baseline,graph_nodes,safe_passage_strategy,homogeneous,400,2.725447,2.149057,3.253376,6,6,0
44_runtime_vs_graph_nodes_by_safe_passage_strategy.png,homogeneous_baseline,graph_nodes,safe_passage_strategy,homogeneous,529,2.26874,0.674686,4.737018,24,24,0
44_runtime_vs_graph_nodes_by_safe_passage_strategy.png,homogeneous_baseline,graph_nodes,safe_passage_strategy,homogeneous,576,3.281109,0.378979,6.439335,25,25,0
44_runtime_vs_graph_nodes_by_safe_passage_strategy.png,homogeneous_baseline,graph_nodes,safe_passage_strategy,homogeneous,676,6.030619,1.196789,14.714451,12,12,0
44_runtime_vs_graph_nodes_by_safe_passage_strategy.png,homogeneous_baseline,graph_nodes,safe_passage_strategy,homogeneous,729,2.462784,1.264871,16.865719,18,18,0
44_runtime_vs_graph_nodes_by_safe_passage_strategy.png,homogeneous_baseline,graph_nodes,safe_passage_strategy,homogeneous,784,7.159019,1.386168,21.182975,12,12,0
44_runtime_vs_graph_nodes_by_safe_passage_strategy.png,homogeneous_baseline,graph_nodes,safe_passage_strategy,homogeneous,961,4.826700499999999,1.323248,23.865999,24,24,0
44_runtime_vs_graph_nodes_by_safe_passage_strategy.png,homogeneous_baseline,graph_nodes,safe_passage_strategy,homogeneous,1024,10.2928125,3.393382,45.920107,22,22,0
44_runtime_vs_graph_nodes_by_safe_passage_strategy.png,homogeneous_baseline,graph_nodes,safe_passage_strategy,homogeneous,1296,32.7690945,5.925903,81.806428,12,12,0
44_runtime_vs_graph_nodes_by_safe_passage_strategy.png,homogeneous_baseline,graph_nodes,safe_passage_strategy,homogeneous,1369,16.979494,6.378741,86.243917,12,12,0
44_runtime_vs_graph_nodes_by_safe_passage_strategy.png,homogeneous_baseline,graph_nodes,safe_passage_strategy,homogeneous,1444,37.644389000000004,6.923281,100.263129,12,12,0
44_runtime_vs_graph_nodes_by_safe_passage_strategy.png,homogeneous_baseline,graph_nodes,safe_passage_strategy,homogeneous,1600,39.382852,7.80125,123.581248,13,13,0
44_runtime_vs_graph_nodes_by_safe_passage_strategy.png,homogeneous_baseline,graph_nodes,safe_passage_strategy,homogeneous,1681,11.661299,6.353611,126.54584,13,13,0
44_runtime_vs_graph_nodes_by_safe_passage_strategy.png,homogeneous_baseline,graph_nodes,safe_passage_strategy,homogeneous,1764,37.5861075,10.207009,167.739412,24,24,0
44_runtime_vs_graph_nodes_by_safe_passage_strategy.png,homogeneous_baseline,graph_nodes,safe_passage_strategy,homogeneous,1936,49.607292,12.325535,186.88849,14,14,0
44_runtime_vs_graph_nodes_by_safe_passage_strategy.png,homogeneous_baseline,graph_nodes,safe_passage_strategy,homogeneous,3600,2.1884775,0.353809,462.37372,28,28,0
